Name,Total_all,Total_L3,pct_above_all,pct_above_L3,avg_donation_all,avg_donation_L3,amt_non1a_all,amt_non1a_L3,pct_non1a_all,pct_non1a_L3,amt_nofirst_all,amt_nofirst_L3,pct_nofirst_all,pct_nofirst_L3,amt_LLC_all,amt_LLC_L3,pct_LLC_all,pct_LLC_L3,amt_IL_all,amt_IL_L3,pct_IL_all,pct_IL_L3,yrs_since_first,yrs_since_last
Sharon Chung,3291504.15,1494202.6400000001,0.3442622950819672,0.25523012552301255,8993.180737704917,6251.89389121339,1665704.15,720902.6399999999,0.412568306010929,0.3682008368200837,3277104.15,1490252.6400000001,0.9180327868852459,0.9539748953974896,13860.0,13610.0,0.040983606557377046,0.058577405857740586,3210604.1500000004,1422702.6400000001,0.9098360655737705,0.8828451882845189,8,0
Chris Balkema,304059.43000000005,304059.43000000005,0.06896551724137931,0.06896551724137931,1747.4679885057474,1747.4679885057474,168199.42999999996,168199.42999999996,0.39655172413793105,0.39655172413793105,165500.0,165500.0,0.5172413793103449,0.5172413793103449,31000.0,31000.0,0.028735632183908046,0.028735632183908046,191060.0,191060.0,0.7931034482758621,0.7931034482758621,3,0
Sara Feigenholtz,4832198.6,953095.7000000001,0.010861561119293078,0.042105263157894736,889.5800073637702,1672.0977192982457,2476547.96,607595.7,0.4070324005891016,0.38596491228070173,4129110.28,820045.7,0.7422680412371134,0.6456140350877193,167761.22,23000.0,0.030375552282768777,0.04035087719298246,3829868.72,712437.95,0.8085419734904271,0.7719298245614035,32,0
Erica Harriss,2463721.201,191302.98100000003,0.056363636363636366,0.0036363636363636364,4479.493092727273,695.6472036363638,2350944.401,116150.001,0.5981818181818181,0.5018181818181818,2405166.2310000006,167771.831,0.7636363636363637,0.7963636363636364,14450.0,13000.0,0.04181818181818182,0.06545454545454546,2413878.8699999996,149931.15,0.8909090909090909,0.8181818181818182,10,1
Chapin Rose,1645050.7399999998,139742.68,0.00487987987987988,0.020833333333333332,617.5115390390389,970.4352777777777,992012.9700000001,79667.41,0.4872372372372372,0.4305555555555556,1363093.8699999999,121750.66,0.7364864864864865,0.6736111111111112,46152.31,13500.0,0.02177177177177177,0.05555555555555555,1407373.3199999998,113592.02,0.8704954954954955,0.8055555555555556,24,1
Patrick Sheehan,850627.75,220498.66,0.08638743455497382,0.007220216606498195,2226.7742146596856,796.0240433212997,740923.9099999999,135761.52000000002,0.5340314136125655,0.48014440433212996,798375.91,188211.52000000002,0.725130890052356,0.740072202166065,15250.0,14950.0,0.04712041884816754,0.061371841155234655,821116.24,200087.15,0.9031413612565445,0.8953068592057761,4,1
Jason Plummer,33065709.5,784564.45,0.03791805723212384,0.1232876712328767,2347.9166015763685,5373.7291095890405,17789365.78,475218.13,0.21266775544983313,0.5342465753424658,21107821.43,483269.45000000007,0.4180217283249308,0.7671232876712328,1136579.6300000001,10000.0,0.02336149968046581,0.0410958904109589,22304501.830000002,587863.13,0.8932045728892991,0.7465753424657534,32,0
Rick Ryan,1204329.77,1204329.77,0.11676646706586827,0.11676646706586827,3605.777754491018,3605.777754491018,1001029.77,1001029.77,0.49700598802395207,0.49700598802395207,1161529.77,1161529.77,0.7694610778443114,0.7694610778443114,33250.0,33250.0,0.05089820359281437,0.05089820359281437,1110009.37,1110009.37,0.8952095808383234,0.8952095808383234,3,0
Anthony DeLuca,2571994.2199999997,869844.17,0.015444015444015444,0.03793103448275862,993.0479613899613,1499.731327586207,720355.62,387717.85,0.09305019305019305,0.22241379310344828,2452460.9000000004,853369.17,0.8957528957528957,0.9310344827586207,102950.0,52400.0,0.04633204633204633,0.06206896551724138,2088095.8199999998,722549.73,0.7884169884169884,0.7655172413793103,19,1
Jil Tracy,1294114.72,341726.94000000006,0.007629107981220657,0.002457002457002457,759.4569953051644,839.6239312039313,523553.67000000004,132202.35,0.392018779342723,0.32678132678132676,1003689.7300000001,264613.67000000004,0.7400234741784038,0.6609336609336609,53650.0,27000.0,0.036384976525821594,0.06142506142506143,1006447.09,268473.27,0.8362676056338029,0.8157248157248157,11,1
Lindsey LaPointe,1663523.58,432259.8,0.02912621359223301,0.005309734513274336,1242.362643764003,765.061592920354,1286407.58,242128.80000000002,0.4652725914861837,0.4194690265486726,1434517.65,345609.43,0.6056758775205378,0.6265486725663717,27700.0,19750.0,0.0351008215085885,0.05663716814159292,1547241.8900000001,388510.8,0.8842419716206124,0.8831858407079646,7,0
Abdelnasser Rashid,1885320.53,1269074.3399999999,0.054388133498145856,0.048672566371681415,1165.2166440049443,1123.0746371681414,355284.74,238291.55,0.06489493201483312,0.06548672566371681,781318.4500000001,575941.55,0.13535228677379482,0.14778761061946902,195950.0,154200.0,0.018541409147095178,0.019469026548672566,1736611.3800000001,1152465.1900000002,0.7954264524103832,0.7504424778761062,4,0
Barbara Hernandez,1462141.18,756211.6799999999,0.04405737704918033,0.036170212765957444,1498.0954713114754,1608.9610212765956,1154935.1300000001,543841.5800000001,0.5522540983606558,0.4723404255319149,1402377.25,712921.0800000001,0.8637295081967213,0.8361702127659575,39150.0,23950.0,0.03278688524590164,0.031914893617021274,1359043.68,689236.6799999999,0.8862704918032787,0.8872340425531915,7,1
Dagmara Avelar,1049787.6099999999,519418.48,0.04868421052631579,0.04509283819628647,1381.2994868421051,1377.7678514588858,519304.43999999994,183131.31000000003,0.16973684210526316,0.07427055702917772,976503.94,483855.98,0.8276315789473684,0.883289124668435,29029.39,17829.39,0.056578947368421055,0.06896551724137931,933606.05,431236.92,0.8236842105263158,0.7506631299734748,7,0
Daniel Didech,2231836.69,625550.22,0.0708955223880597,0.03588516746411483,2081.9372108208954,1496.5316267942583,1710024.03,376099.56,0.5867537313432836,0.43779904306220097,2101850.24,581500.22,0.8367537313432836,0.8133971291866029,85150.0,50450.0,0.051305970149253734,0.08133971291866028,1917402.27,398215.80000000005,0.8768656716417911,0.80622009569378,9,0
Michael Crawford,1815867.27,1815867.27,0.19047619047619047,0.19047619047619047,6651.528461538462,6651.528461538462,1596898.13,1596898.13,0.7289377289377289,0.7289377289377289,1773930.1300000001,1773930.1300000001,0.9340659340659341,0.9340659340659341,109620.0,109620.0,0.0695970695970696,0.0695970695970696,1585418.77,1585418.77,0.9047619047619048,0.9047619047619048,2,0
Dale Fowler,3133028.7800000003,506414.55000000005,0.05123456790123457,0.025974025974025976,1933.9683827160495,1315.3624675324677,2566593.37,300538.62,0.6166666666666667,0.4727272727272727,2984122.83,487414.55000000005,0.8691358024691358,0.8987012987012987,103343.52,49600.0,0.06049382716049383,0.10909090909090909,2920749.35,428058.08999999997,0.8648148148148148,0.8051948051948052,11,1
Jackie Haas,1088713.35,572777.9,0.039603960396039604,0.023809523809523808,1197.7044554455447,1136.4640873015874,880538.47,446833.01999999996,0.5115511551155115,0.5079365079365079,1008439.56,537414.3400000001,0.7271727172717272,0.7658730158730159,31000.0,20250.0,0.0352035203520352,0.047619047619047616,982833.84,508626.57999999996,0.878987898789879,0.8571428571428571,6,1
Rachel Ventura,952684.1799999999,561121.34,0.06728971962616823,0.07589285714285714,1780.7180934579437,2505.005982142857,868497.4500000001,538492.34,0.3925233644859813,0.6517857142857143,868967.06,542442.34,0.3981308411214953,0.7008928571428571,0.0,0.0,0.0,0.0,913863.79,541921.34,0.891588785046729,0.90625,5,1
Michelle Mussman,4892080.4399999995,109334.47,0.09375,0.02857142857142857,2779.5911590909086,1041.2806666666668,4129244.44,85984.47,0.634090909090909,0.5904761904761905,4723042.779999999,108234.47,0.8892045454545454,0.9428571428571428,80413.53,5000.0,0.03920454545454546,0.06666666666666667,4061831.06,93334.47,0.8732954545454545,0.7523809523809524,17,0
Ryan Spain,3272522.3200000003,1270256.2300000002,0.010526315789473684,0.02321083172147002,861.1900842105264,1228.4876499032885,1313746.5899999999,610429.45,0.2513157894736842,0.30174081237911027,2343814.3200000003,1058605.77,0.5094736842105263,0.6044487427466151,321900.0,159500.0,0.05368421052631579,0.06866537717601548,2819036.32,1052108.19,0.8768421052631579,0.8288201160541586,20,0
Debbie Meyers-Martin,544407.0,188985.91,0.01669195751138088,0.014925373134328358,826.1107738998483,940.228407960199,141739.54,26868.06,0.18057663125948406,0.0945273631840796,450240.55,160928.56,0.6737481031866465,0.7213930348258707,12235.5,4235.5,0.02276176024279211,0.029850746268656716,478563.35,156730.41,0.8831562974203339,0.835820895522388,13,1
Mary Edly-Allen,4924054.3,992370.8699999999,0.1334723670490094,0.10480349344978165,5134.571741397289,4333.497248908297,4216426.8,953570.87,0.6100104275286757,0.7030567685589519,4863832.8,981470.87,0.8310740354535975,0.8864628820960698,29220.0,4300.0,0.03336809176225235,0.03056768558951965,4579145.65,903207.16,0.9509906152241918,0.8995633187772926,8,0
Katie Stuart,9785785.31,1964579.5200000003,0.2078332280480101,0.18952618453865336,6181.797416298168,4899.200798004988,8867067.850000001,1703128.86,0.6525584333543903,0.5810473815461347,9681662.469999999,1925779.52,0.9128237523689198,0.8902743142144638,175910.0,40800.0,0.05938092229943146,0.06982543640897755,8714433.21,1753362.61,0.8635502210991788,0.8229426433915212,11,0
Travis Weaver,735405.8,360546.12,0.026113671274961597,0.014742014742014743,1129.6556067588326,885.8627027027027,290596.45999999996,139059.05,0.22734254992319508,0.2678132678132678,453605.76,248485.87,0.42089093701996927,0.5208845208845209,46250.0,28250.0,0.021505376344086023,0.02457002457002457,651301.5599999999,299740.26,0.8986175115207373,0.8771498771498771,4,1
David Friess,1590008.2200000002,67426.79000000001,0.0994263862332696,0.0,3040.1686806883367,518.6676153846155,1506791.56,35294.79,0.6443594646271511,0.47692307692307695,1547413.56,55956.79,0.7915869980879541,0.6923076923076923,4750.0,2250.0,0.01338432122370937,0.023076923076923078,1559463.22,53846.79,0.9292543021032504,0.8769230769230769,9,0
Kevin Schmidt,892881.73,696093.99,0.12386706948640483,0.0979020979020979,2697.5278851963744,2433.89506993007,860316.73,670528.9899999999,0.7673716012084593,0.7412587412587412,824979.0299999999,676478.99,0.7945619335347432,0.7832167832167832,500.0,500.0,0.006042296072507553,0.006993006993006993,870981.73,675693.99,0.9305135951661632,0.9265734265734266,6,0
Gregg Johnson,2848102.29,431266.99,0.13364779874213836,0.04716981132075472,4478.148254716981,1356.1855031446541,2616593.98,353921.42,0.5566037735849056,0.5566037735849056,2766257.2900000005,414156.99,0.8191823899371069,0.8490566037735849,9539.39,9539.39,0.025157232704402517,0.050314465408805034,2725544.9899999998,393162.43,0.8238993710691824,0.7955974842767296,9,0
Seth Lewis,3792458.2399999998,373847.85,0.07298657718120806,0.018115942028985508,3181.5924832214764,1354.521195652174,3507111.25,298997.19,0.714765100671141,0.6086956521739131,3558123.7399999993,367747.85,0.8800335570469798,0.9528985507246377,37430.0,24480.0,0.03859060402684564,0.10869565217391304,3695456.26,304597.19,0.912751677852349,0.75,13,0
Ram Villivalam,373236.56,68500.0,0.14,1.0,7464.7312,68500.0,360796.56,68500.0,0.8,1.0,362046.56,68500.0,0.84,1.0,3500.0,0.0,0.02,0.0,370486.56,68500.0,0.96,1.0,7,2
Cyril Nichols,136822.76,53897.76,0.015151515151515152,0.017857142857142856,1036.5360606060606,962.46,77297.76000000001,24647.760000000002,0.42424242424242425,0.4107142857142857,123997.76000000001,48397.759999999995,0.7424242424242424,0.75,16950.0,13000.0,0.09848484848484848,0.10714285714285714,125375.0,47200.0,0.8484848484848485,0.8035714285714286,5,2
Hoan Huynh,902839.15,316060.69999999995,0.04400606980273141,0.0311284046692607,1370.0138846737482,1229.8081712062256,645272.22,168924.77000000002,0.4218512898330804,0.3968871595330739,678991.15,200143.69999999998,0.5189681335356601,0.5758754863813229,45400.0,6450.0,0.03338391502276176,0.05058365758754864,854370.22,286791.77,0.9044006069802731,0.9027237354085603,4,1
Laura Fine,1792628.29,349965.06,0.014367816091954023,0.0182370820668693,858.5384530651341,1063.7235866261399,1207394.3399999999,237929.81,0.507183908045977,0.574468085106383,1547177.81,311079.81,0.7552681992337165,0.8753799392097265,43921.5,12000.0,0.035919540229885055,0.0547112462006079,1594010.52,317179.11,0.8682950191570882,0.851063829787234,14,0
Laura Ellman,3919097.88,471575.0,0.07658643326039387,0.025179856115107913,4287.853260393873,1696.3129496402878,3571274.5399999996,336525.0,0.5350109409190372,0.5251798561151079,3829499.5400000005,463225.0,0.7724288840262582,0.9100719424460432,49650.0,24650.0,0.05689277899343545,0.09712230215827339,3645447.88,418525.0,0.8566739606126915,0.802158273381295,9,1
Dave Severin,3092130.42,499812.42,0.04704170708050436,0.028764805414551606,1499.5782832201746,845.7062944162436,2640792.82,348016.19,0.42919495635305527,0.36548223350253806,2886895.3100000005,431487.7100000001,0.6634335596508244,0.6175972927241963,57260.0,19470.0,0.0431619786614937,0.05245346869712352,2999084.45,458086.10000000003,0.9364694471387003,0.8950930626057529,10,0
Jeff Keicher,1801994.33,601050.01,0.04316546762589928,0.01890359168241966,1440.44310951239,1136.2003969754253,1443235.22,414671.0,0.5251798561151079,0.5689981096408318,1677770.6,565851.6599999999,0.768185451638689,0.8449905482041588,44677.74,27700.0,0.03677058353317346,0.03969754253308128,1629593.58,492288.80000000005,0.8257394084732215,0.7731568998109641,9,0
Linda Holmes,4613105.55,617906.53,0.027806385169927908,0.02729528535980149,1583.6270339855819,1533.26682382134,3641877.5900000003,386255.87,0.6237555784414692,0.5483870967741935,4518377.279999999,603356.53,0.9485066941297632,0.9578163771712159,140475.0,51550.0,0.04291108822519739,0.09429280397022333,3881953.12,478544.86,0.783041537933402,0.707196029776675,20,0
Blaine Wilhour,1074643.65,197740.0,0.057494866529774126,0.08139534883720931,2206.6604722792604,2299.3023255813955,808241.75,127750.0,0.29774127310061604,0.32558139534883723,902916.75,141950.0,0.5338809034907598,0.43023255813953487,15325.0,5000.0,0.022587268993839837,0.011627906976744186,980893.65,193490.0,0.9281314168377823,0.9302325581395349,9,0
Win Stoller,946555.3,143998.39,0.014285714285714285,0.024691358024691357,1126.8515476190478,1777.7579012345682,386123.98000000004,102528.39,0.23452380952380952,0.3950617283950617,572325.3,129428.39,0.44166666666666665,0.6790123456790124,37888.5,9000.0,0.017857142857142856,0.024691358024691357,896359.73,129098.39,0.930952380952381,0.8271604938271605,7,1
Robyn Gabel,4272371.97,1596561.46,0.023106546854942234,0.04139715394566624,1096.8862567394094,2065.4093919793013,2346953.13,923236.46,0.3324775353016688,0.2897800776196636,3604394.49,1458361.46,0.6077021822849807,0.7309184993531694,456658.0,108100.0,0.044159178433889605,0.09961190168175937,3645899.11,1282336.46,0.8569961489088576,0.7749029754204398,24,0
Amy Elik,1374747.54,334278.27,0.06217616580310881,0.01907356948228883,1424.6088497409328,910.8399727520436,1145524.2000000002,234705.85,0.5170984455958549,0.5040871934604905,1253735.24,298255.57,0.6746113989637306,0.7411444141689373,13250.0,9250.0,0.019689119170984457,0.03814713896457766,1280846.9,278226.95,0.8870466321243523,0.8392370572207084,7,0
Justin Cochran,6000.0,6000.0,0.0,0.0,1500.0,1500.0,5000.0,5000.0,0.75,0.75,5000.0,5000.0,0.75,0.75,0.0,0.0,0.0,0.0,6000.0,6000.0,1.0,1.0,1,0
Doris Turner,5188092.600000001,1090583.19,0.06320754716981132,0.034,4894.426981132076,2181.1663799999997,4804216.16,874652.41,0.5490566037735849,0.524,5067865.25,1049634.6400000001,0.7933962264150943,0.856,53025.0,31525.0,0.05188679245283019,0.066,4866065.62,948756.21,0.8886792452830189,0.836,22,0
Steve McClure,1065662.11,258423.91,0.029342723004694836,0.014285714285714285,1250.7771244131457,922.9425357142858,781818.1000000001,170923.25,0.48708920187793425,0.525,976756.17,233200.66,0.8380281690140845,0.8321428571428572,114500.0,51250.0,0.0880281690140845,0.08571428571428572,909510.79,199573.25,0.8145539906103286,0.7857142857142857,9,1
Karina Villa,6039692.28,1519124.89,0.09480296973158195,0.054929577464788736,3449.281713306682,2139.6125211267604,5465050.28,1268369.8900000001,0.5168475157053113,0.428169014084507,5719911.53,1338289.8900000001,0.6870359794403198,0.5845070422535211,64255.22,19750.0,0.041119360365505425,0.04225352112676056,5588194.66,1392611.39,0.910908052541405,0.9169014084507042,9,0
Jed Davis,207383.47,114532.47,0.0169971671388102,0.009174311926605505,587.4885835694051,525.3783027522936,53944.0,43720.0,0.14730878186968838,0.22018348623853212,92594.0,44120.0,0.2096317280453258,0.26146788990825687,5000.0,2000.0,0.0084985835694051,0.009174311926605505,178720.16,89720.16,0.8073654390934845,0.7247706422018348,5,0
Matt Hanson,2333702.47,679252.5399999999,0.22807017543859648,0.11607142857142858,6823.691432748538,3032.3774107142854,2277671.8099999996,630471.8799999999,0.8070175438596491,0.7276785714285714,2324752.47,677302.54,0.9649122807017544,0.9642857142857143,14754.41,14504.41,0.06140350877192982,0.08928571428571429,2228901.81,591751.88,0.8450292397660819,0.8348214285714286,7,1
Nabeela Syed,3411590.55,1815938.57,0.08103448275862069,0.1079646017699115,2941.0263362068963,3214.0505663716817,2796943.55,1501902.57,0.28879310344827586,0.384070796460177,2929353.5,1629062.52,0.33189655172413796,0.4672566371681416,19700.0,19450.0,0.015517241379310345,0.03008849557522124,3240099.5500000007,1710563.5700000003,0.8844827586206897,0.9274336283185841,5,0
Terri Bryant,4678335.43,841447.6100000001,0.05918119173084718,0.03488372093023256,1896.366205918119,1397.753504983389,4250804.13,782212.6100000001,0.6607215241183624,0.7425249169435216,4391936.57,774286.01,0.7389541953790029,0.6627906976744186,93758.0,32808.0,0.040535062829347386,0.046511627906976744,4457700.880000001,756688.29,0.8970409404134576,0.8588039867109635,13,0
Robert Peters,1128673.52,431588.27,0.03297997644287397,0.017241379310344827,1329.4152179034159,1240.1961781609195,879095.36,330369.27,0.46878680800942285,0.46551724137931033,999556.62,397294.27,0.6937573616018846,0.7586206896551724,14200.0,8750.0,0.038869257950530034,0.05172413793103448,981679.3600000001,386488.27,0.8621908127208481,0.8563218390804598,7,1
Jay Hoffman,15074798.84,2925479.6100000003,0.019979786985928633,0.05145929339477726,1171.9504656767472,2246.912142857143,9648725.33,1845652.14,0.4773381015315245,0.4362519201228879,13857240.1,2750961.46,0.8357303894892327,0.8571428571428571,940419.25,327805.65,0.0537977143745627,0.1098310291858679,12364861.95,2138230.1100000003,0.8413278395397652,0.7542242703533026,32,0
Bob Morgan,1815339.8099999998,789053.75,0.023760330578512397,0.037914691943127965,937.6755216942148,1246.530410742496,849225.49,355783.25,0.28770661157024796,0.31121642969984203,1198523.17,514618.04000000004,0.4777892561983471,0.5529225908372828,92925.0,40225.0,0.05578512396694215,0.06003159557661927,1594210.56,656803.75,0.8858471074380165,0.8262243285939969,9,0
Anne Stava,3422577.56,666778.05,0.2,0.21153846153846154,7130.3699166666665,4274.21826923077,3155665.4400000004,621050.65,0.5291666666666667,0.5256410256410257,3344024.91,651550.65,0.6833333333333333,0.6987179487179487,28000.0,1500.0,0.029166666666666667,0.01282051282051282,3376526.63,650153.05,0.8416666666666667,0.8461538461538461,9,1
Justin Slaughter,1672111.0500000003,674125.8200000001,0.043478260869565216,0.04187192118226601,1546.8187326549494,1660.4084236453205,1236437.0099999998,467028.43,0.5161887141535615,0.4408866995073892,1551760.33,603072.45,0.8436632747456059,0.7536945812807881,67267.7,34517.7,0.06845513413506013,0.06896551724137931,1443310.39,588275.82,0.8029602220166513,0.8078817733990148,9,1
Jennifer Gong-Gershowitz,2005227.5999999999,386412.19,0.05726141078838174,0.030100334448160536,1664.089294605809,1292.3484615384616,1445758.6,220482.19,0.45228215767634855,0.44816053511705684,1610880.87,308932.19,0.5941908713692946,0.7658862876254181,37700.0,27700.0,0.038174273858921165,0.09698996655518395,1784520.7000000002,340482.19,0.8813278008298755,0.822742474916388,9,0
Celina Villanueva,1139025.52,387327.74,0.03117782909930716,0.015503875968992248,1315.271963048499,1000.8468733850129,885534.86,236052.08,0.45842956120092376,0.3772609819121447,1072960.52,355202.74,0.8083140877598153,0.7932816537467701,33880.0,20700.0,0.06581986143187067,0.082687338501292,1033980.9,313705.48,0.8140877598152425,0.7338501291989664,8,1
Paul Faraci,754608.33,754608.33,0.041189931350114416,0.041189931350114416,1726.7925171624713,1726.7925171624713,649857.01,649857.01,0.6224256292906178,0.6224256292906178,736608.33,736608.33,0.88558352402746,0.88558352402746,30000.0,30000.0,0.07093821510297482,0.07093821510297482,663109.15,663109.15,0.8375286041189931,0.8375286041189931,3,0
Rita Mayfield,1423167.354,272883.52,0.012803234501347708,0.004166666666666667,959.0076509433962,1137.0146666666667,1416067.354,272883.52,0.988544474393531,1.0,1376532.784,264933.52,0.9380053908355795,0.9375,36750.0,5000.0,0.0215633423180593,0.029166666666666667,1171501.864,207383.52000000002,0.8153638814016172,0.7875,16,1
Dave Syverson,6483899.38,427962.33999999997,0.019191226867717615,0.01818181818181818,1111.0177141877998,1556.2266909090908,3489167.1799999997,210341.68,0.35092529129540784,0.36,5634144.359999999,402992.33999999997,0.8325908156271419,0.8763636363636363,299237.28,51550.0,0.0296435915010281,0.13818181818181818,5652836.79,326961.68,0.8708019191226868,0.7345454545454545,32,0
Tom Weber,333405.94999999995,67436.73000000001,0.014227642276422764,0.0,677.6543699186991,510.8843181818183,210891.87000000002,36305.97,0.4796747967479675,0.48484848484848486,262799.9,58134.78,0.7032520325203252,0.7803030303030303,4250.0,3250.0,0.02032520325203252,0.05303030303030303,306115.13,54045.91,0.9186991869918699,0.8484848484848485,15,1
Cristina Castro,3200130.22,1591598.19,0.03389830508474576,0.04120267260579064,1506.6526459510358,1772.3810579064586,2214542.58,966476.87,0.5263653483992468,0.4732739420935412,3020073.52,1492747.18,0.8747645951035782,0.8541202672605791,189591.14,118541.14,0.06685499058380415,0.0779510022271715,2492426.84,1132501.44,0.7523540489642184,0.6670378619153675,14,0
Charles Meier,1298074.6214,275560.32,0.029612756264236904,0.008595988538681949,985.6299327258922,789.57111747851,890139.5614000001,157579.0,0.4434320425208808,0.4469914040114613,1185142.2014000001,259150.32,0.8147304479878512,0.8567335243553008,51565.0,24640.0,0.047076689445709946,0.07163323782234957,1163072.1214,232910.32,0.8853454821564161,0.8510028653295129,14,0
Joyce Mason,5753940.63,745531.6200000001,0.21374865735767992,0.16822429906542055,6180.387357679914,3483.7926168224303,5321846.630000001,706531.6200000001,0.6745435016111708,0.7289719626168224,5696590.68,736492.8700000001,0.9001074113856069,0.9065420560747663,58559.28,12750.0,0.05370569280343716,0.07009345794392523,5250099.57,717982.76,0.8979591836734694,0.8037383177570093,9,1
Thaddeus Jones,4889681.91,1184867.73,0.03800475059382423,0.09336609336609336,1451.8057927553446,2911.2229238329237,3137665.32,558983.66,0.5338479809976246,0.24815724815724816,4168746.4400000004,972970.2400000001,0.7868171021377672,0.7346437346437347,256663.09000000003,104161.11,0.0498812351543943,0.09090909090909091,4426993.88,1126575.33,0.8675771971496437,0.9017199017199017,21,1
Steven Reick,1929164.6300000001,187035.82,0.07239263803680981,0.0273972602739726,2367.073165644172,1281.0672602739726,1717389.63,132635.82,0.6257668711656442,0.6095890410958904,1837116.7699999998,171885.82,0.8233128834355828,0.9041095890410958,30900.0,10750.0,0.049079754601226995,0.0821917808219178,1865089.6300000001,167585.82,0.8699386503067484,0.815068493150685,13,1
Mike Simmons,289651.49,82107.18,0.008356545961002786,0.0,806.8286629526463,678.5717355371901,133126.49,51082.18,0.2116991643454039,0.24793388429752067,139166.49,51322.17999999999,0.2590529247910863,0.2892561983471074,3000.0,1500.0,0.016713091922005572,0.03305785123966942,249401.49,76457.18,0.8551532033426184,0.9173553719008265,5,1
Craig Wilcox,808557.1,166533.46000000002,0.01858736059479554,0.0,1001.929491945477,781.8472300469484,536210.58,67771.76,0.5514250309789344,0.39906103286384975,734563.38,147595.17,0.7521685254027262,0.7746478873239436,52994.51,25994.510000000002,0.05204460966542751,0.07981220657276995,728819.12,139888.80000000002,0.8599752168525403,0.8075117370892019,10,1
Margaret Croke,2531458.7800000003,1628016.6099999999,0.034411915767847974,0.04376784015223597,1300.1842732408836,1549.01675547098,1052298.15,567278.4299999999,0.26194144838212635,0.241674595623216,1401576.6600000001,895702.5800000001,0.4350282485875706,0.4548049476688868,102250.0,84450.0,0.048279404211607604,0.06374881065651761,2265973.03,1419914.95,0.891628145865434,0.8667935299714558,7,1
Kyle Moore,365557.5,125701.42,0.008639308855291577,0.0,789.5410367170626,675.8140860215053,17236.42,14411.42,0.08855291576673865,0.1935483870967742,204759.75,89451.42,0.48596112311015116,0.6827956989247311,7700.0,7500.0,0.017278617710583154,0.03763440860215054,315257.5,116101.42,0.9308855291576674,0.9354838709677419,15,1
Regan Deering,348754.54,348754.54,0.011857707509881422,0.011857707509881422,689.2382213438734,689.2382213438734,68397.99,68397.99,0.191699604743083,0.191699604743083,102318.51000000001,102318.51000000001,0.2924901185770751,0.2924901185770751,6950.0,6950.0,0.01383399209486166,0.01383399209486166,272651.86,272651.86,0.9288537549407114,0.9288537549407114,3,0
Jennifer Sanalitro,849494.3,477778.47000000003,0.07125307125307126,0.05211726384364821,2087.2095823095824,1556.281661237785,764948.03,410971.14999999997,0.6461916461916462,0.6482084690553745,815790.31,459921.15,0.8648648648648649,0.8957654723127035,5750.0,5750.0,0.02457002457002457,0.03257328990228013,820494.3,451528.47,0.914004914004914,0.8990228013029316,4,1
Omar Aquino,3023815.94,685348.4,0.02417674030846186,0.02053388090349076,1260.448495206336,1407.2862422997948,1941398.96,368198.4,0.4114214255939975,0.4024640657084189,2679503.94,637948.4,0.7744893705710713,0.8542094455852156,121025.3,39425.3,0.05502292621925802,0.08008213552361396,2609253.96,542463.4,0.8220091704877032,0.7371663244353183,12,1
Jawaharial Williams,809688.95,306800.66000000003,0.03460837887067395,0.014150943396226415,1474.8432604735883,1447.172924528302,561086.31,197450.0,0.5100182149362478,0.5094339622641509,766638.9500000001,301800.66000000003,0.8834244080145719,0.9716981132075472,40050.0,16000.0,0.0947176684881603,0.09433962264150944,657286.97,205700.0,0.7431693989071039,0.5613207547169812,7,1
Bill Cunningham,4368771.98,1696034.9,0.031010580080262678,0.04086845466155811,1593.8606275082088,2166.072669220945,2585909.7,913373.68,0.501276906238599,0.4610472541507024,4260630.13,1678971.45,0.9197373221452024,0.966794380587484,337009.64,153873.62,0.0758847136081722,0.10217113665389528,3275869.07,1113381.96,0.7511856986501277,0.6500638569604087,16,0
Dan Caulkins,508855.14,30527.96,0.0267639902676399,0.0,1238.0903649635036,872.2274285714285,195139.97999999998,5000.0,0.10218978102189781,0.02857142857142857,259740.93999999997,3877.96,0.5109489051094891,0.2,32300.0,0.0,0.024330900243309004,0.0,467527.18,28800.0,0.9002433090024331,0.9142857142857143,9,2
Chris Miller,1833389.41,394431.0,0.1056338028169014,0.15254237288135594,4303.731009389671,6685.271186440678,901744.21,132101.0,0.18779342723004694,0.0847457627118644,1006036.76,59800.0,0.5586854460093896,0.4745762711864407,3350.0,500.0,0.018779342723004695,0.01694915254237288,1690546.96,385431.0,0.9272300469483568,0.9152542372881356,9,0
Don Harmon,60534353.88,24447021.7,0.11792125359516017,0.2764227642276423,6003.6054626599225,12422.26712398374,44356377.279999994,17177795.39,0.4182287017752653,0.4247967479674797,57832869.77,23716808.200000003,0.7790340176534761,0.8277439024390244,3258723.83,1721253.81,0.0699196667658435,0.09959349593495935,46545218.809999995,20210131.519999996,0.7993652682733313,0.7632113821138211,25,0
Patrick Windhorst,1817162.69,221671.64,0.05876393110435663,0.0,1841.0969503546098,600.7361517615177,1549746.03,111811.98000000001,0.46605876393110435,0.36314363143631434,1716976.7000000002,191187.64,0.6778115501519757,0.6449864498644986,15225.0,8275.0,0.016210739614994935,0.02981029810298103,1726985.87,167695.97999999998,0.8905775075987842,0.8373983739837398,10,0
Theresa Mah,2082173.88,711526.3300000001,0.026473526473526472,0.04838709677419355,1040.046893106893,1434.5288911290324,1264363.92,472641.33,0.33316683316683315,0.3790322580645161,1675140.2999999998,608992.33,0.5759240759240759,0.6955645161290323,111553.7,31208.7,0.04895104895104895,0.06048387096774194,1822430.92,643226.33,0.8226773226773226,0.8467741935483871,11,0
Dennis Tipsword,277126.04000000004,180326.04,0.04477611940298507,0.029411764705882353,1378.7365174129354,1325.9267647058823,151576.04,115476.04000000001,0.4228855721393035,0.5,205226.04,156876.04,0.6417910447761194,0.7573529411764706,25500.0,17500.0,0.08955223880597014,0.08823529411764706,265126.04000000004,171076.04,0.9353233830845771,0.9191176470588235,4,1
Adriane Johnson,660985.3600000001,426307.57,0.013679890560875513,0.011185682326621925,904.2207387140904,953.7082102908278,395470.04000000004,241542.91,0.3707250341997264,0.3333333333333333,533720.36,343792.57,0.6470588235294118,0.6465324384787472,34700.0,24250.0,0.08344733242134063,0.0894854586129754,570184.04,373956.91000000003,0.8549931600547196,0.8277404921700223,6,0
Brad Halbrook,562495.73,119638.0,0.014010507880910683,0.03278688524590164,985.1063572679509,1961.27868852459,303919.12,83000.0,0.37302977232924694,0.5737704918032787,344070.45,29250.0,0.6094570928196147,0.5737704918032787,2750.0,0.0,0.012259194395796848,0.0,525245.73,114238.0,0.9176882661996497,0.8852459016393442,14,1
Martin McLaughlin,959126.57,471155.24,0.07105719237435008,0.08203125,1662.2644194107452,1840.45015625,584019.46,364986.87,0.3708838821490468,0.4765625,575510.6699999999,289400.24,0.537261698440208,0.62109375,15518.369999999999,8818.369999999999,0.03292894280762565,0.04296875,810991.37,354070.04000000004,0.9098786828422877,0.91796875,11,1
Norma Hernandez,835189.78,408118.88999999996,0.06338028169014084,0.03663003663003663,1960.5393896713615,1494.940989010989,794341.65,394318.89,0.7676056338028169,0.8754578754578755,788385.4,388856.39,0.7394366197183099,0.8351648351648352,13740.0,12240.0,0.03051643192488263,0.04395604395604396,801501.49,379930.6,0.903755868544601,0.8754578754578755,5,1
Lance Yednock,3739776.4999999995,55031.0,0.1681528662420382,0.125,4764.046496815286,2292.9583333333335,3732376.4999999995,55031.0,0.9834394904458599,1.0,3717792.07,55031.0,0.954140127388535,1.0,71415.59,14500.0,0.06751592356687898,0.2916666666666667,3173936.9699999997,51031.0,0.889171974522293,0.7916666666666666,9,2
Christopher Belt,5479244.7,1241115.88,0.05448504983388704,0.03571428571428571,3640.6941528239204,1927.1985714285713,4764853.970000001,863755.86,0.5176079734219269,0.47360248447204967,5354308.57,1185414.73,0.8664451827242525,0.8509316770186336,48275.0,26175.0,0.03787375415282392,0.04503105590062112,4945976.89,962940.05,0.7780730897009966,0.7422360248447205,9,0
Jonathan Carroll,966152.49,6519.6,0.03238341968911917,0.0,1251.4928626943006,171.56842105263158,696166.74,5269.6,0.4585492227979275,0.9473684210526315,865952.55,3639.6,0.7292746113989638,0.21052631578947367,29900.0,0.0,0.05310880829015544,0.0,878535.6799999999,6269.6,0.8678756476683938,0.9736842105263158,9,3
Dan Swanson,828152.17,299259.13,0.019113814074717638,0.021791767554479417,719.5066637706343,724.598377723971,475911.58,166448.86,0.40312771503040834,0.36561743341404357,606707.69,235870.42,0.5482189400521286,0.5351089588377724,15525.0,8250.0,0.028670721112076455,0.0387409200968523,761452.1699999999,279959.13,0.9270199826238054,0.9322033898305084,10,0
Mary Gill,655889.27,655889.27,0.07033639143730887,0.07033639143730887,2005.7775840978593,2005.7775840978593,565006.1100000001,565006.1100000001,0.5198776758409785,0.5198776758409785,639289.27,639289.27,0.8226299694189603,0.8226299694189603,16950.0,16950.0,0.07339449541284404,0.07339449541284404,621938.61,621938.61,0.8746177370030581,0.8746177370030581,3,0
Harry Benton,6134163.960000001,2552214.64,0.21437908496732025,0.13978494623655913,8018.514980392158,5488.633634408602,4350338.3,2249658.98,0.5790849673202615,0.5978494623655914,6051538.94,2515289.64,0.8418300653594771,0.8838709677419355,15200.0,15200.0,0.0196078431372549,0.03225806451612903,5746038.3,2326138.9800000004,0.873202614379085,0.8344086021505376,7,1
Diane Blair-Sherlock,1955906.7699999998,796172.89,0.30313588850174217,0.19753086419753085,6815.006167247386,4914.647469135803,1912126.77,772992.89,0.8153310104529616,0.7901234567901234,1933271.3699999999,791522.89,0.9094076655052264,0.9444444444444444,6250.0,5750.0,0.0313588850174216,0.04938271604938271,1915406.7699999998,755672.8899999999,0.9616724738675958,0.9320987654320988,4,0
Brad Stephens,2717189.71,942422.9600000001,0.031473533619456366,0.015957446808510637,1943.6264020028611,1670.9626950354611,1272461.41,255572.30000000002,0.2804005722460658,0.25354609929078015,2387839.8899999997,833289.0800000001,0.7610872675250357,0.8049645390070922,316368.11,174850.97,0.11659513590844063,0.15070921985815602,2588827.85,862671.3300000001,0.9034334763948498,0.8723404255319149,7,0
Yolonda Morris,138819.0,138819.0,0.04807692307692308,0.04807692307692308,1334.798076923077,1334.798076923077,113419.0,113419.0,0.6730769230769231,0.6730769230769231,137569.0,137569.0,0.9615384615384616,0.9615384615384616,3750.0,3750.0,0.057692307692307696,0.057692307692307696,130469.0,130469.0,0.8942307692307693,0.8942307692307693,3,1
Mattie Hunter,2618724.82,595441.3200000001,0.009505703422053232,0.006289308176100629,995.7128593155893,1248.3046540880505,1180053.9700000002,240950.0,0.3935361216730038,0.3249475890985325,2245160.42,472726.32,0.7980988593155893,0.7547169811320755,131000.0,37800.0,0.04828897338403042,0.08176100628930817,1829501.17,444985.0,0.7399239543726236,0.7358490566037735,23,0
Willie Preston,548586.09,479976.89,0.021052631578947368,0.023323615160349854,1443.6476052631579,1399.3495335276968,214699.89,206449.89,0.3526315789473684,0.3760932944606414,452284.08999999997,415649.89,0.7342105263157894,0.7551020408163265,31050.0,31050.0,0.07631578947368421,0.08454810495626822,494401.23,427676.23,0.9,0.9037900874635568,4,1
Paul Jacobs,642985.0900000001,95175.66,0.06382978723404255,0.014492753623188406,1954.361975683891,1379.3573913043479,278868.43,25875.0,0.15501519756838905,0.043478260869565216,472385.64,59975.66,0.6382978723404256,0.8695652173913043,19125.0,2200.0,0.03951367781155015,0.08695652173913043,578595.98,60875.0,0.8936170212765957,0.8260869565217391,9,0
Fred Crespo,2826018.6300000004,139044.69,0.0301255230125523,0.028368794326241134,1182.4345732217575,986.1325531914894,2177278.76,91102.63,0.6205020920502092,0.6099290780141844,2659412.35,133130.85,0.8878661087866109,0.9219858156028369,68250.0,6700.0,0.037238493723849374,0.06382978723404255,2542778.6799999997,107097.11,0.8719665271966527,0.7943262411347518,21,1
Neil Anderson,4750851.21,362797.11,0.05750798722044728,0.00946372239747634,2529.7397284345047,1144.470378548896,3777053.83,224045.13,0.5676251331203408,0.5962145110410094,4486064.11,358297.11,0.8301384451544196,0.9716088328075709,301070.0,28700.0,0.06389776357827476,0.08201892744479496,4419070.13,264412.98,0.8423855165069223,0.7160883280757098,13,1
Anna Moeller,2531502.12,423701.44000000006,0.04985119047619048,0.020833333333333332,1883.558125,1103.3891666666668,2069181.8299999998,310971.44000000006,0.5639880952380952,0.5234375,2372508.67,385761.70999999996,0.8229166666666666,0.7760416666666666,46215.0,14250.0,0.052083333333333336,0.059895833333333336,1968707.77,361666.70999999996,0.8325892857142857,0.8046875,12,1
Sue Scherer,3114488.4,357711.26,0.07072829131652661,0.072992700729927,2181.0142857142855,2611.031094890511,2246148.4400000004,29815.260000000002,0.6484593837535014,0.021897810218978103,2988927.3600000003,352465.26,0.9320728291316527,0.9562043795620438,43757.36,3500.0,0.02100840336134454,0.0364963503649635,3005096.04,331061.26,0.9355742296918768,0.8832116788321168,15,0
Nicolle Grasse,670327.76,670327.76,0.16463414634146342,0.16463414634146342,4087.3643902439026,4087.3643902439026,634477.76,634477.76,0.5609756097560976,0.5609756097560976,664077.76,664077.76,0.8658536585365854,0.8658536585365854,5840.0,5840.0,0.04878048780487805,0.04878048780487805,662677.76,662677.76,0.8902439024390244,0.8902439024390244,2,1
Dan Ugaste,1804254.3900000001,408685.18000000005,0.06853281853281853,0.023746701846965697,1741.5582915057917,1078.3250131926122,1471471.35,275012.14,0.5057915057915058,0.48548812664907653,1627421.35,373362.14,0.7972972972972973,0.8337730870712401,26886.67,12250.0,0.029922779922779922,0.036939313984168866,1685604.3900000001,341735.18000000005,0.8455598455598455,0.7783641160949868,13,1
Maura Hirschauer,5959755.444,1441105.184,0.2556818181818182,0.23371647509578544,8465.561710227274,5521.475800766283,5610639.404,1334495.184,0.6619318181818182,0.6704980842911877,5879622.114,1419855.184,0.9076704545454546,0.9386973180076629,37165.0,20635.0,0.05113636363636364,0.05747126436781609,5451603.534,1389855.184,0.9375,0.9272030651340997,7,0
Sue Rezin,4903885.05,1589770.33,0.024361608453184618,0.025735294117647058,1439.3557528617553,2922.371930147059,3586134.9699999997,1259324.5500000003,0.5890813031992955,0.5036764705882353,4612362.4,1531741.23,0.8529498092163194,0.8455882352941176,293940.68,100917.82,0.066334018197828,0.07720588235294118,4217038.16,1390253.65,0.8045201056648077,0.7040441176470589,17,0
Lakesia Collins,1164830.13,502015.55000000005,0.04723346828609987,0.022277227722772276,1571.9704858299594,1242.6127475247526,991553.29,365110.55,0.5668016194331984,0.4876237623762376,1088619.13,447035.55,0.7422402159244265,0.7524752475247525,20700.0,16950.0,0.043184885290148446,0.06435643564356436,1056930.13,460815.55000000005,0.8974358974358975,0.8688118811881188,7,1
Tim Ozinga,5078886.37,652255.9,0.09893307468477207,0.05128205128205128,4926.174946653734,5574.836752136753,434887.53,180155.9,0.1842870999030068,0.3247863247863248,3221242.37,527305.8999999999,0.49078564500484967,0.6239316239316239,157054.9,3500.0,0.06207565470417071,0.05982905982905983,4656088.430000001,640406.3,0.7575169738118331,0.8632478632478633,7,1
Mike Porfirio,531834.03,330972.94,0.020876826722338204,0.01078167115902965,1110.3006889352819,892.1103504043127,152182.71,100096.62,0.17745302713987474,0.215633423180593,420559.03,297972.94,0.7265135699373695,0.77088948787062,23150.0,18700.0,0.06471816283924843,0.07008086253369272,482082.70999999996,288471.62,0.8747390396659708,0.8571428571428571,4,0
Brandun Schweizer,643151.1,643151.1,0.07194244604316546,0.07194244604316546,2313.4931654676257,2313.4931654676257,583142.65,583142.65,0.5683453237410072,0.5683453237410072,603272.65,603272.65,0.6834532374100719,0.6834532374100719,8230.0,8230.0,0.03597122302158273,0.03597122302158273,618560.08,618560.08,0.9136690647482014,0.9136690647482014,2,0
