,name,organization_classification,donation_count_all,donation_count_L3,total_all,total_L3,pct_c_above_all,pct_c_above_L3,avg_donation_all,avg_donation_L3,amt_allcond_all,amt_allcond_L3,pct_c_allcond_all,pct_c_allcond_L3,pct_c_IL_all,pct_c_IL_L3,num_bills,pct_bills_passed,first_donation_year,effectiveness_score
0,Amy Elik,lower,969.0,371.0,1379747.54,339278.27,0.1547987616099071,0.1159029649595687,1423.8880701754383,914.4966846361186,254243.76,138260.25,0.2425180598555211,0.3584905660377358,0.8875128998968008,0.8409703504043127,84,0.16666666666666666,2019.0,0.6782511210762332
1,Nabeela Syed,lower,1163.0,568.0,3486747.71,1891095.73,0.2398968185726569,0.2799295774647887,2998.0633791917453,3329.3938908450705,597487.79,462382.69,0.1083404987102321,0.1637323943661972,0.883061049011178,0.926056338028169,41,0.17073170731707318,2021.0,0.515695067264574
2,Elgie Sims Jr,upper,2265.0,598.0,2945618.54,969441.82,0.2339955849889624,0.3595317725752508,1300.4938366445915,1621.1401672240804,386617.32,32600.0,0.1227373068432671,0.0301003344481605,0.7757174392935983,0.7876254180602007,335,0.11940298507462686,2009.0,0.7668161434977578
3,Adriane Johnson,upper,735.0,451.0,673985.3600000001,439307.57,0.1251700680272109,0.1507760532150776,916.9868843537416,974.0744345898004,269551.13,163675.0,0.2571428571428571,0.2328159645232816,0.854421768707483,0.8270509977827051,151,0.3708609271523179,2020.0,0.9192825112107623
4,Justin Slaughter,lower,1081.0,406.0,1672111.0500000005,674125.8200000001,0.2183163737280296,0.2241379310344827,1546.8187326549494,1660.4084236453205,627599.49,261461.82,0.3617021276595745,0.3275862068965517,0.8029602220166513,0.8078817733990148,172,0.06395348837209303,2017.0,0.6524663677130045
5,Emil Jones III,lower,880.0,45.0,1072933.25,112450.0,0.2022727272727272,0.3333333333333333,1219.2423295454546,2498.8888888888887,392160.03,79600.0,0.3284090909090909,0.4222222222222222,0.8011363636363636,0.9333333333333332,90,0.2222222222222222,2008.0,0.7511210762331839
6,Don Harmon,upper,10097.0,1982.0,61978353.88,25891021.7,0.373873427750817,0.6710393541876892,6138.293936812915,13063.078557013116,38201476.17,15473853.15,0.2922650292165989,0.2966700302724521,0.7989501832227395,0.7613521695257316,2050,0.025853658536585365,2001.0,0.6210762331838565
7,Sue Rezin,upper,3407.0,544.0,4903885.05,1589770.33,0.1948928676254769,0.2941176470588235,1439.3557528617553,2922.371930147059,1379117.36,285092.82,0.2858820076313472,0.3584558823529412,0.8045201056648077,0.7040441176470589,100,0.01,2009.0,0.4820627802690583
8,Matt Hanson,upper,342.0,224.0,2333702.47,679252.5399999999,0.4005847953216374,0.28125,6823.691432748538,3032.3774107142854,346072.98,249104.27,0.3216374269005848,0.3705357142857143,0.8450292397660819,0.8348214285714286,18,0.2222222222222222,2019.0,0.45739910313901344
9,Cristina Castro,upper,2124.0,898.0,3200130.22,1591598.19,0.2429378531073446,0.3151447661469933,1506.6526459510358,1772.3810579064586,1526572.96,746354.03,0.3742937853107345,0.354120267260579,0.7523540489642184,0.6670378619153675,222,0.20270270270270271,2012.0,0.8452914798206278
10,Dan McConchie,upper,,,,,,,,,,,,,,,574,0.010452961672473868,,0.5919282511210762
11,Laura Ellman,upper,916.0,280.0,3922297.88,474775.0,0.2718340611353712,0.25,4281.984585152838,1695.625,717531.77,173575.0,0.3209606986899563,0.3821428571428571,0.8569868995633187,0.8035714285714286,93,0.20430107526881722,2017.0,0.7477578475336323
12,Paul Faraci,upper,437.0,437.0,754608.33,754608.33,0.217391304347826,0.217391304347826,1726.7925171624713,1726.7925171624713,360769.15,360769.15,0.4279176201372998,0.4279176201372998,0.8375286041189931,0.8375286041189931,25,0.08,2023.0,0.3172645739910314
13,Sara Feigenholtz,upper,5447.0,585.0,5012513.08,1133410.1800000002,0.1430145033963649,0.2786324786324786,920.233721314485,1937.4532991452995,1693005.78,396558.09,0.2608775472737286,0.241025641025641,0.808885625114742,0.7760683760683761,119,0.03361344537815126,1994.0,0.5582959641255605
14,Mary Allen,upper,963.0,233.0,4938676.3,1006992.87,0.3156801661474558,0.3175965665236051,5128.428141225338,4321.857811158798,1227450.36,402994.69,0.2388369678089304,0.4206008583690987,0.9511941848390446,0.9012875536480688,34,0.08823529411764706,2018.0,0.3778026905829597
15,Jil Tracy,upper,1713.0,416.0,1310717.26,358329.48000000004,0.1354349095154699,0.1706730769230769,765.1589375364857,861.3689423076924,438348.86,115100.0,0.3257443082311734,0.2548076923076923,0.8365440747227088,0.8173076923076923,142,0.06338028169014084,2015.0,0.6322869955156951
16,Karina Villa,upper,1776.0,735.0,6271696.029999999,1751128.64,0.2561936936936937,0.2312925170068027,3531.360377252252,2382.487945578231,1227941.81,566058.35,0.2100225225225225,0.2054421768707483,0.911036036036036,0.9170068027210884,116,0.3448275862068966,2017.0,0.8721973094170403
17,Ram Villivalam,upper,51.0,2.0,374236.56,69500.0,0.4117647058823529,0.5,7337.971764705882,34750.0,77400.0,0.0,0.1372549019607843,0.0,0.9607843137254902,1.0,227,0.05286343612334802,2019.0,0.6547085201793722
18,Jennifer Sanalitro,lower,407.0,307.0,849494.3,477778.47,0.2186732186732186,0.1921824104234527,2087.2095823095824,1556.281661237785,148990.2,136240.2,0.3144963144963145,0.3843648208469055,0.914004914004914,0.8990228013029316,17,0.17647058823529413,2022.0,0.4080717488789237
19,Eva Delgado,lower,1056.0,573.0,1230365.1,663929.93,0.209280303030303,0.2216404886561954,1165.118465909091,1158.690977312391,336090.74,225565.56,0.209280303030303,0.268760907504363,0.7556818181818182,0.7172774869109948,75,0.25333333333333335,2019.0,0.7354260089686099
20,Win Stoller,upper,840.0,81.0,946555.3,143998.39,0.1833333333333333,0.2962962962962963,1126.8515476190478,1777.7579012345682,183638.5,31500.0,0.1535714285714285,0.2716049382716049,0.930952380952381,0.8271604938271605,38,0.0,2019.0,0.2141255605381166
21,Doris Turner,upper,1070.0,510.0,5313247.42,1215738.01,0.297196261682243,0.2725490196078431,4965.651794392524,2383.8000196078438,1266122.83,567800.0,0.2420560747663551,0.2803921568627451,0.888785046728972,0.8372549019607843,131,0.29770992366412213,2004.0,0.8778026905829597
22,John Curran,upper,2754.0,1373.0,7130908.8648,4876754.94,0.3246187363834422,0.4748725418790969,2589.2915267973854,3551.89726147123,3811023.32,2669722.73,0.3336964415395788,0.3321194464675892,0.8104575163398693,0.752367079388201,295,0.013559322033898305,2007.0,0.5874439461883408
23,Joe Sosnowski,lower,1314.0,177.0,951957.72,142418.62,0.1057838660578386,0.1186440677966101,724.4731506849315,804.6249717514124,413362.48,74443.62,0.3744292237442922,0.4406779661016949,0.7922374429223744,0.7627118644067796,77,0.025974025974025976,2006.0,0.45852017937219736
24,Ryan Spain,lower,3808.0,1042.0,3283063.34,1280797.25,0.1281512605042016,0.2178502879078694,862.1489863445378,1229.1720249520154,1113757.84,520216.55,0.1961659663865546,0.2428023032629558,0.8768382352941176,0.8291746641074856,104,0.028846153846153848,2006.0,0.531390134529148
25,Camille Lilly,lower,1032.0,192.0,932663.04,209060.5,0.1482558139534883,0.1822916666666666,903.7432558139536,1088.8567708333333,435764.93,86000.0,0.3255813953488372,0.3020833333333333,0.8236434108527132,0.7864583333333334,158,0.1518987341772152,2010.0,0.7679372197309418
26,Bob Morgan,lower,1937.0,634.0,1820339.81,794053.75,0.1275167785234899,0.1940063091482649,939.7727465152296,1252.4507097791798,544649.16,265633.32,0.1806917914300464,0.2302839116719243,0.8859060402684564,0.8264984227129337,108,0.46296296296296297,2017.0,0.8845291479820627
27,Martin Moylan,lower,2461.0,290.0,6755307.390000001,590134.16,0.3059731816334823,0.2862068965517241,2744.944083705811,2034.9453793103448,2303321.0300000003,192516.64,0.3457943925233644,0.3827586206896551,0.8472165786265745,0.7586206896551724,79,0.0759493670886076,2011.0,0.5459641255605381
28,Janet Rohr,lower,671.0,115.0,5739258.67,308807.29,0.4262295081967213,0.2260869565217391,8553.291609538002,2685.2807826086955,1395150.67,247256.64,0.2608047690014903,0.3826086956521739,0.9388971684053652,0.8782608695652174,82,0.2682926829268293,2020.0,0.7780269058295964
29,Daniel Didech,lower,1081.0,427.0,2245336.6900000004,639050.22,0.2886216466234967,0.2177985948477751,2077.092220166513,1496.6047306791568,590980.26,192375.0,0.2691951896392229,0.3161592505854801,0.8741905642923219,0.8009367681498829,216,0.08796296296296297,2017.0,0.7017937219730941
30,Rachel Ventura,upper,536.0,225.0,957469.83,565906.99,0.1511194029850746,0.2,1786.3243097014924,2515.1421777777778,122056.56,100715.65,0.1772388059701492,0.3422222222222222,0.8917910447761194,0.9066666666666666,59,0.01694915254237288,2021.0,0.37107623318385646
31,Sally Turner,upper,631.0,415.0,426823.15,282838.21,0.0776545166402535,0.0819277108433735,676.4233755942948,681.5378554216868,210140.8,135515.8,0.3375594294770206,0.3397590361445783,0.8526148969889065,0.8530120481927711,55,0.14545454545454545,2021.0,0.5482062780269058
32,Margaret Croke,lower,2007.0,1111.0,2983491.0300000003,2080048.86,0.205281514698555,0.2772277227722772,1486.542615844544,1872.231197119712,717894.2699999999,565556.78,0.1360239162929745,0.1332133213321332,0.8923766816143498,0.8694869486948695,72,0.1388888888888889,2019.0,0.6132286995515696
33,Jay Hoffman,lower,14723.0,1686.0,15992784.14,3157027.83,0.1360456428716973,0.297153024911032,1086.2449324186648,1872.4957473309605,5606251.71,1452001.52,0.2578958092780004,0.2342823250296559,0.8608979148271412,0.8066429418742586,268,0.16044776119402984,1994.0,0.804932735426009
34,Tom Weber,lower,492.0,132.0,333405.94999999995,67436.73000000001,0.0853658536585365,0.0227272727272727,677.6543699186991,510.8843181818183,84075.83000000002,25500.0,0.258130081300813,0.2878787878787879,0.91869918699187,0.8484848484848485,62,0.0,2011.0,0.32174887892376686
35,John Cabello,lower,1720.0,276.0,2384376.8000000003,303710.43000000005,0.1808139534883721,0.1594202898550724,1386.265581395349,1100.4001086956523,179043.72000000003,97700.0,0.0819767441860465,0.3152173913043478,0.8505813953488373,0.782608695652174,63,0.047619047619047616,2009.0,0.44730941704035876
36,Paul Jacobs,lower,332.0,72.0,663985.0900000001,116175.66,0.2379518072289156,0.2222222222222222,1999.955090361446,1613.5508333333337,1875.0,0.0,0.003012048192771,0.0,0.8855421686746988,0.8194444444444444,44,0.022727272727272728,2017.0,0.3195067264573991
37,Curtis Tarver II,lower,774.0,317.0,1076258.52,365787.73,0.2067183462532299,0.2334384858044164,1390.5148837209304,1153.9045110410093,232647.25,133115.75,0.1537467700258397,0.2365930599369085,0.7906976744186046,0.6750788643533123,106,0.22641509433962265,2017.0,0.7914798206278026
38,Kim DuBuclet,lower,855.0,422.0,962030.43,647301.82,0.135672514619883,0.1611374407582938,1125.181789473684,1533.890568720379,228477.9,110848.52,0.1824561403508772,0.1919431279620853,0.8690058479532163,0.8388625592417062,21,0.09523809523809523,2011.0,0.3251121076233184
39,Rita Mayfield,lower,1484.0,240.0,1423167.354,272883.52,0.1644204851752021,0.2125,959.0076509433962,1137.0146666666667,642267.86,113675.0,0.4703504043126684,0.4458333333333333,0.8153638814016172,0.7875,84,0.023809523809523808,2010.0,0.4697309417040359
40,Mary Gill,lower,328.0,328.0,656889.27,656889.27,0.2286585365853658,0.2286585365853658,2002.7111890243905,2002.7111890243905,149327.69,149327.69,0.3018292682926829,0.3018292682926829,0.875,0.875,13,0.07692307692307693,2023.0,0.2623318385650224
41,Fred Crespo,lower,2390.0,141.0,2826018.6300000004,139044.69,0.1966527196652719,0.1347517730496454,1182.4345732217575,986.1325531914894,920010.27,62500.0,0.2786610878661087,0.2553191489361702,0.8719665271966527,0.7943262411347518,69,0.11594202898550725,2005.0,0.5840807174887892
42,Patrick Windhorst,lower,987.0,369.0,1817162.69,221671.64,0.160081053698075,0.075880758807588,1841.0969503546096,600.7361517615177,193875.0,91525.0,0.2421479229989868,0.2737127371273712,0.8905775075987842,0.8373983739837398,76,0.02631578947368421,2016.0,0.4551569506726457
43,Ann Williams,lower,2086.0,379.0,1707490.92,392842.82,0.1308724832214765,0.2005277044854881,818.5479002876318,1036.5245910290237,709576.94,124156.66,0.3451581975071908,0.2849604221635884,0.7790028763183126,0.7229551451187335,92,0.44565217391304346,2009.0,0.8486547085201794
44,Sonya Harper,lower,704.0,186.0,1077713.94,330683.38,0.2457386363636363,0.2365591397849462,1530.8436647727272,1777.8676344086025,380060.64,99113.52,0.3139204545454545,0.2903225806451613,0.7982954545454546,0.8172043010752689,90,0.0,2015.0,0.4125560538116592
45,Kimberly Lightford,upper,2314.0,228.0,2946565.99,394997.12,0.1953327571305099,0.2675438596491228,1273.3647320656871,1732.4435087719298,901450.79,87834.84,0.2683664649956784,0.2236842105263158,0.8094209161624892,0.793859649122807,97,0.17525773195876287,2002.0,0.7219730941704036
46,Marcus Evans Jr,lower,1704.0,654.0,3981681.74,1934554.61,0.3227699530516432,0.4327217125382263,2336.6676877934274,2958.034571865443,1797874.24,1018550.0,0.2904929577464789,0.2844036697247706,0.7511737089201878,0.7171253822629969,154,0.12987012987012986,2012.0,0.7399103139013453
47,Norma Hernandez,lower,429.0,276.0,839689.78,412618.89,0.2354312354312354,0.1884057971014492,1957.3188344988343,1494.9959782608696,262428.29000000004,167178.29,0.3356643356643357,0.4057971014492754,0.9044289044289044,0.8768115942028986,13,0.0,2021.0,0.09865470852017938
48,Laura Murphy,upper,1869.0,509.0,3423182.02,773509.6599999999,0.2231139646869984,0.2789783889980353,1831.5580631353664,1519.665343811395,1632415.98,386465.04,0.3756019261637239,0.3398821218074656,0.8111289459604066,0.7662082514734774,201,0.1791044776119403,2013.0,0.8161434977578476
49,Tony McCombie,lower,3486.0,1546.0,8327667.99,4994310.51,0.2696500286861732,0.4197930142302716,2388.8892685025817,3230.472516170763,3444131.42,2662696.01,0.280837636259323,0.3363518758085381,0.840504876649455,0.7729624838292367,459,0.0,2016.0,0.5392376681614349
50,Seth Lewis,upper,1192.0,276.0,3792458.24,373847.85,0.2332214765100671,0.213768115942029,3181.5924832214764,1354.521195652174,420297.19,211797.19,0.1661073825503355,0.4311594202898551,0.912751677852349,0.75,25,0.04,2013.0,0.2589686098654709
51,Jason Plummer,upper,14083.0,146.0,33065709.5,784564.45,0.1748917134133352,0.2945205479452055,2347.9166015763685,5373.7291095890405,13914472.340000002,60115.0,0.1486899098203507,0.3219178082191781,0.8932045728892991,0.7465753424657534,57,0.03508771929824561,1994.0,0.39686098654708524
52,Napoleon Harris,upper,1470.0,400.0,2405459.6500000004,788379.96,0.2428571428571428,0.4075,1636.3671088435376,1970.9499,273161.75,105650.0,0.1346938775510204,0.085,0.7374149659863946,0.705,101,0.25742574257425743,2011.0,0.8071748878923767
53,Natalie Toro,upper,,,,,,,,,,,,,,,19,0.05263157894736842,,0.2522421524663677
54,Anthony DeLuca,lower,2590.0,580.0,2571994.22,869844.17,0.1463320463320463,0.2672413793103448,993.0479613899612,1499.731327586207,85946.87000000001,81526.59,0.0301158301158301,0.1137931034482758,0.7884169884169884,0.7655172413793103,67,0.2537313432835821,2007.0,0.7096412556053813
55,Julie Morrison,upper,2484.0,415.0,3481353.91,607979.11,0.1992753623188405,0.3325301204819277,1401.511235909823,1465.0099036144577,1588740.01,272973.46,0.3369565217391304,0.3759036144578313,0.8236714975845411,0.7421686746987952,156,0.23717948717948717,2011.0,0.8497757847533631
56,Donald DeWitte,upper,1100.0,385.0,1488442.4500000002,403683.49,0.2072727272727272,0.2649350649350649,1353.1295000000002,1048.528545454545,765260.3799999999,183090.34,0.359090909090909,0.3272727272727272,0.8136363636363636,0.7922077922077922,85,0.07058823529411765,2018.0,0.5493273542600896
57,La Ford,lower,1175.0,222.0,1368266.2199999995,279851.46,0.1659574468085106,0.2432432432432432,1164.481889361702,1260.592162162162,46777.08,3291.05,0.0476595744680851,0.0135135135135135,0.8017021276595745,0.8243243243243243,256,0.03125,1998.0,0.6165919282511211
58,David Vella,lower,1000.0,392.0,5324054.18,1196751.32,0.395,0.336734693877551,5324.05418,3052.9370408163268,2307721.18,809100.0,0.338,0.4260204081632653,0.871,0.8061224489795918,118,0.2288135593220339,2019.0,0.8105381165919283
59,Jehan Booth,lower,2763.0,522.0,9187433.81,1494602.58,0.2902642055736518,0.3333333333333333,3325.166055012667,2863.2233333333334,1898286.9,836099.0,0.3174086138255519,0.2337164750957854,0.8349619978284474,0.7222222222222222,238,0.01680672268907563,2007.0,0.5852017937219731
60,Neil Anderson,upper,1878.0,317.0,4750851.21,362797.11,0.2502662406815761,0.2145110410094637,2529.7397284345047,1144.470378548896,2791096.74,186212.98,0.446751863684771,0.4889589905362776,0.8423855165069223,0.7160883280757098,134,0.08208955223880597,2013.0,0.6547085201793722
61,Dale Fowler,upper,1620.0,385.0,3133028.7800000003,506414.5500000001,0.2302469135802469,0.2259740259740259,1933.9683827160493,1315.3624675324677,724208.81,198800.0,0.2530864197530864,0.3220779220779221,0.8648148148148148,0.8051948051948052,95,0.17894736842105263,2015.0,0.7230941704035874
62,Tom Bennett,upper,,,,,,,,,,,,,,,54,0.037037037037037035,,0.3912556053811659
63,Mark Walker,lower,1599.0,187.0,10475767.23,569464.25,0.3852407754846779,0.2994652406417112,6551.4491744840525,3045.263368983957,1022740.4200000002,113048.28,0.2595372107567229,0.3529411764705882,0.9074421513445904,0.786096256684492,51,0.058823529411764705,2007.0,0.4080717488789238
64,Lindsey LaPointe,lower,1353.0,579.0,1684023.58,452759.8,0.1596452328159645,0.1329879101899827,1244.65896526238,781.9685664939551,651855.3200000001,183209.2,0.2956393200295639,0.3039723661485319,0.885439763488544,0.8860103626943006,102,0.19607843137254902,2019.0,0.7544843049327354
65,Anna Moeller,lower,1344.0,384.0,2531502.12,423701.44000000006,0.2038690476190476,0.1432291666666666,1883.558125,1103.3891666666668,1309277.39,207342.4,0.3608630952380952,0.359375,0.8325892857142857,0.8046875,131,0.2900763358778626,2014.0,0.8733183856502242
66,Adam Niemerg,lower,267.0,105.0,357025.82,151562.85,0.146067415730337,0.1809523809523809,1337.1753558052435,1443.4557142857143,44650.0,19450.0,0.146067415730337,0.2095238095238095,0.8838951310861424,0.9333333333333332,103,0.05825242718446602,2019.0,0.5762331838565022
67,Jackie Haas,lower,909.0,504.0,1088713.35,572777.9,0.1397139713971397,0.1388888888888889,1197.704455445545,1136.4640873015874,272575.02,178875.02000000002,0.2618261826182618,0.3293650793650793,0.878987898789879,0.8571428571428571,51,0.0784313725490196,2020.0,0.4383408071748879
68,Dan Ugaste,lower,1040.0,383.0,1808254.39,412685.18000000005,0.1788461538461538,0.1462140992167102,1738.7061442307693,1077.506997389034,391714.02,181900.0,0.3336538461538461,0.3759791122715404,0.8451923076923077,0.7780678851174935,79,0.05063291139240506,2013.0,0.5100896860986547
69,Nicholas Smith,lower,868.0,351.0,1523116.9300000002,958905.31,0.2269585253456221,0.3048433048433048,1754.7430069124423,2731.92396011396,644376.8200000001,448861.82,0.2188940092165898,0.2393162393162393,0.7269585253456221,0.7094017094017094,31,0.12903225806451613,2018.0,0.4248878923766816
70,Michael Kelly,lower,2335.0,435.0,1739435.13,523933.73,0.0715203426124197,0.1908045977011494,744.9400985010707,1204.445356321839,346451.08,195256.61,0.1014989293361884,0.2873563218390804,0.9584582441113492,0.8896551724137931,29,0.3103448275862069,1999.0,0.5728699551569507
71,Lance Yednock,lower,785.0,24.0,3739776.5,55031.0,0.4382165605095541,0.3333333333333333,4764.046496815286,2292.958333333333,1636395.83,43751.0,0.4356687898089172,0.6666666666666666,0.889171974522293,0.7916666666666666,85,0.25882352941176473,2017.0,0.7780269058295963
72,Laura Dias,lower,315.0,196.0,1976475.44,220387.67,0.3428571428571428,0.2244897959183673,6274.525206349207,1124.426887755102,390818.0,127550.0,0.3238095238095238,0.413265306122449,0.8698412698412699,0.8163265306122449,35,0.3142857142857143,2022.0,0.5997757847533632
73,Suzanne Ness,lower,964.0,398.0,5582270.076,935312.03,0.3184647302904564,0.1934673366834171,5790.736593360996,2350.0302261306533,1062601.2200000002,108675.26,0.1981327800829875,0.2185929648241206,0.9325726141078838,0.9170854271356784,43,0.0,2018.0,0.2399103139013453
74,Gregg Johnson,lower,637.0,319.0,2849602.29,432766.99,0.3139717425431711,0.1943573667711598,4473.472982731554,1356.6363322884013,2198594.0700000003,210360.99,0.3390894819466248,0.3385579937304075,0.8226059654631083,0.7931034482758621,30,0.2,2017.0,0.49887892376681614
75,Lawrence Walsh Jr,lower,2200.0,549.0,3335986.25,1156662.21,0.2968181818181818,0.4663023679417122,1516.3573863636364,2106.852841530055,928352.99,525203.75,0.2109090909090909,0.4061930783242258,0.7363636363636363,0.6721311475409836,115,0.21739130434782608,2012.0,0.789237668161435
76,Steve Stadelman,upper,1159.0,244.0,2381653.5,583893.63,0.2450388265746333,0.3811475409836065,2054.9210526315787,2393.0066803278687,1034719.36,180625.0,0.4037963761863675,0.3360655737704918,0.7817083692838654,0.7008196721311475,43,0.0,2012.0,0.2399103139013453
77,Mattie Hunter,upper,2633.0,480.0,2623224.82,599941.3200000001,0.1800227876946449,0.3125,996.2874363843524,1249.87775,788299.05,159150.0,0.2726927459172047,0.2270833333333333,0.7398404861374858,0.7354166666666667,95,0.21052631578947367,2003.0,0.7544843049327354
78,Robert Peters,upper,849.0,348.0,1128673.52,431588.27,0.1955241460541814,0.2068965517241379,1329.415217903416,1240.1961781609195,642692.03,199937.32,0.3144876325088339,0.3074712643678161,0.8598351001177856,0.8505747126436781,117,0.05128205128205128,2019.0,0.5874439461883407
79,Robert Martwick,upper,2416.0,411.0,4058365.79,941714.04,0.1829470198675496,0.2944038929440389,1679.7871647350994,2291.2750364963504,1651536.9700000002,231156.5,0.277317880794702,0.2725060827250608,0.8692052980132451,0.8272506082725061,137,0.043795620437956206,2002.0,0.6053811659192825
80,Steve McClure,upper,852.0,280.0,1065662.11,258423.91,0.1490610328638497,0.1392857142857143,1250.7771244131457,922.9425357142858,618300.0,150700.0,0.3732394366197183,0.4107142857142857,0.8145539906103286,0.7857142857142857,41,0.07317073170731707,2017.0,0.3834080717488789
81,Mary Flowers,lower,,,,,,,,,,,,,,,177,0.03389830508474576,,0.6053811659192825
82,Celina Villanueva,lower,866.0,387.0,1139025.52,387327.74,0.1766743648960739,0.1679586563307493,1315.271963048499,1000.8468733850128,528041.19,173666.88,0.2655889145496535,0.2506459948320413,0.8140877598152425,0.7338501291989664,158,0.26582278481012656,2018.0,0.8845291479820627
83,Charles Meier,lower,1339.0,371.0,1367451.2914,344936.99,0.1179985063480209,0.1590296495956873,1021.248163853622,929.7492991913748,532786.5414,132029.0,0.3233756534727408,0.3369272237196765,0.8872292755787902,0.8598382749326146,85,0.08235294117647059,2012.0,0.57847533632287
84,Blaine Wilhour,lower,487.0,86.0,1074643.65,197740.0,0.162217659137577,0.2790697674418604,2206.6604722792604,2299.3023255813955,168437.25,7850.0,0.1540041067761807,0.1162790697674418,0.9281314168377824,0.9302325581395348,59,0.01694915254237288,2017.0,0.37107623318385646
85,Craig Wilcox,upper,807.0,213.0,808557.1,166533.46000000002,0.1449814126394052,0.1267605633802817,1001.929491945477,781.8472300469484,186748.49,54050.0,0.2354399008674101,0.272300469483568,0.8599752168525403,0.8075117370892019,73,0.0821917808219178,2016.0,0.5414798206278026
86,Andrew Chesney,upper,1316.0,598.0,1679847.12,786117.4,0.1299392097264437,0.1337792642140468,1276.4795744680853,1314.577591973244,498519.96,353111.85,0.2530395136778115,0.2541806020066889,0.8974164133738601,0.8729096989966555,64,0.109375,2017.0,0.5493273542600896
87,Bill Cunningham,upper,2746.0,788.0,4377771.98,1705034.9,0.3051711580480699,0.4949238578680203,1594.2359723233797,2163.7498730964467,1941222.56,770849.11,0.3616168973051711,0.3642131979695431,0.7505462490895849,0.6484771573604061,170,0.3176470588235294,2010.0,0.9103139013452914
88,Emanuel Welch,lower,6631.0,2706.0,51790509.16,26734537.35,0.4643341879052933,0.5838876570583887,7810.361809681797,9879.725554323726,27204392.910000004,14108982.6,0.2423465540642437,0.2439024390243902,0.8142060021112955,0.7985957132298596,1671,0.0011968880909634949,2005.0,0.5896860986547086
89,Carol Ammons,lower,1068.0,162.0,1199854.21,170733.97999999998,0.1938202247191011,0.2345679012345679,1123.4589981273407,1053.9134567901233,153198.68,575.2,0.099250936329588,0.0061728395061728,0.8792134831460674,0.8395061728395061,76,0.3684210526315789,2014.0,0.797085201793722
90,Thaddeus Jones,lower,3371.0,410.0,4905681.91,1200867.73,0.2708395134974785,0.5487804878048781,1455.2601334915455,2928.945682926829,1270973.51,167620.93,0.2204093740729753,0.1463414634146341,0.8671017502224859,0.8975609756097561,60,0.0,2005.0,0.31390134529147984
91,Jonathan Carroll,lower,772.0,38.0,966152.49,6519.6,0.1878238341968912,0.0,1251.4928626943006,171.56842105263158,447243.53,1500.0,0.2784974093264248,0.0526315789473684,0.8678756476683938,0.9736842105263158,64,0.140625,2017.0,0.5852017937219731
92,Kam Buckner,lower,1230.0,717.0,2069408.2,1345108.41,0.2398373983739837,0.2552301255230125,1682.4456910569106,1876.022887029289,981469.87,681694.87,0.2544715447154471,0.2426778242677824,0.7975609756097561,0.796373779637378,76,0.15789473684210525,2019.0,0.6457399103139014
93,Natalie Manley,lower,2684.0,495.0,5596288.45,763696.9099999999,0.236214605067064,0.2909090909090909,2085.0553092399405,1542.8220404040403,2528066.43,393631.74,0.342026825633383,0.397979797979798,0.8144560357675111,0.6989898989898989,58,0.10344827586206896,2011.0,0.5123318385650224
94,Edgar Gonzalez Jr,lower,817.0,446.0,991503.43,712586.4199999999,0.1860465116279069,0.2511210762331838,1213.5904895960832,1597.7273991031389,137160.69,18616.11,0.1481028151774786,0.0291479820627802,0.8212974296205631,0.7892376681614349,65,0.1076923076923077,2020.0,0.553811659192825
95,Jennifer Gershowitz,lower,1205.0,299.0,2005227.6,386412.19,0.2240663900414937,0.2474916387959866,1664.089294605809,1292.3484615384616,468923.03,139970.0,0.2663900414937759,0.3511705685618729,0.8813278008298755,0.822742474916388,63,0.47619047619047616,2017.0,0.7612107623318385
96,Chapin Rose,upper,2664.0,144.0,1645050.7400000002,139742.68,0.0664414414414414,0.1180555555555555,617.5115390390391,970.4352777777776,619915.9600000001,73150.0,0.3246996996996997,0.3263888888888889,0.8704954954954955,0.8055555555555556,147,0.07482993197278912,2002.0,0.6502242152466368
97,Jeff Keicher,lower,1252.0,530.0,1802994.33,602050.01,0.1733226837060703,0.1830188679245283,1440.0913178913738,1135.9434150943396,681052.3,303967.36,0.3130990415335463,0.3188679245283018,0.8258785942492013,0.7735849056603774,43,0.09302325581395349,2017.0,0.4316143497757847
98,Amy Grant,lower,381.0,85.0,705892.6000000001,211799.19,0.2020997375328084,0.2470588235294117,1852.7364829396329,2491.755176470588,78894.65,26950.0,0.2388451443569554,0.2235294117647059,0.9081364829396326,0.8941176470588236,34,0.0,2012.0,0.19282511210762332
99,Kelly Cassidy,lower,2289.0,563.0,1462207.07,366368.81,0.091743119266055,0.103019538188277,638.7973219746615,650.743889875666,621674.0700000001,151698.06,0.2691131498470948,0.2078152753108348,0.8982088248143294,0.9005328596802842,108,0.24074074074074073,2011.0,0.803811659192825
100,Kelly Burke,lower,1521.0,62.0,1767791.13,364237.47,0.1439842209072978,0.4032258064516129,1162.2558382642997,5874.797903225806,481028.85,15000.0,0.3274161735700197,0.1774193548387097,0.7646285338593031,0.6612903225806451,65,0.26153846153846155,2009.0,0.7152466367713004
101,Mike Marron,lower,,,,,,,,,,,,,,,29,0.13793103448275862,,0.42040358744394624
102,Maurice West II,lower,603.0,314.0,1187846.0799999998,613126.9099999999,0.3333333333333333,0.321656050955414,1969.8939966832504,1952.6334713375795,402388.77,262850.0,0.2769485903814262,0.3343949044585987,0.814262023217247,0.8375796178343949,124,0.12903225806451613,2015.0,0.7096412556053812
103,Michelle Mussman,lower,1760.0,105.0,4892080.44,109334.47,0.3448863636363636,0.1428571428571428,2779.5911590909086,1041.2806666666668,1795300.44,72801.94,0.2568181818181818,0.4285714285714285,0.8727272727272727,0.7428571428571429,58,0.1724137931034483,2009.0,0.5919282511210763
104,Will Guzzardi,lower,1082.0,142.0,1335670.84,394595.58,0.1672828096118299,0.3873239436619718,1234.446247689464,2778.8421126760563,663704.04,270850.0,0.2144177449168207,0.3309859154929577,0.7375231053604436,0.8943661971830986,54,0.018518518518518517,2011.0,0.3553811659192825
105,Harry Benton,lower,765.0,465.0,6134163.96,2552214.64,0.4209150326797385,0.3354838709677419,8018.514980392157,5488.633634408602,680134.44,362626.58,0.2156862745098039,0.2580645161290322,0.873202614379085,0.8344086021505376,41,0.1951219512195122,2019.0,0.5381165919282511
106,Dave Severin,lower,2072.0,601.0,3149537.02,557219.02,0.124034749034749,0.1114808652246256,1520.0468243243242,927.1531114808652,398933.13,148724.25,0.1920849420849421,0.2445923460898502,0.9367760617760618,0.8968386023294509,53,0.03773584905660377,2016.0,0.3901345291479821
107,Katie Stuart,lower,1585.0,403.0,9800785.31,1979579.5200000005,0.4858044164037854,0.4416873449131513,6183.460763406939,4912.107990074443,2887058.04,636403.19,0.2675078864353312,0.2977667493796526,0.8637223974763407,0.8238213399503722,118,0.288135593220339,2015.0,0.8553811659192825
108,David Koehler,upper,3044.0,422.0,6898756.66,1084878.42,0.3127463863337713,0.5071090047393365,2266.345814717477,2570.8019431279617,4340277.55,612786.6299999999,0.483245729303548,0.485781990521327,0.8495400788436268,0.7677725118483413,129,0.34108527131782945,2005.0,0.8834080717488789
109,Lakesia Collins,lower,745.0,408.0,1182330.13,519515.55,0.1973154362416107,0.1740196078431372,1587.020308724832,1273.3224264705882,619708.8200000001,212426.37,0.3570469798657718,0.3112745098039216,0.8953020134228188,0.8651960784313726,80,0.2125,2019.0,0.7197309417040358
110,Dagmara Avelar,lower,760.0,377.0,1049787.61,519418.48,0.1723684210526316,0.1909814323607427,1381.2994868421051,1377.7678514588858,47480.66,14160.03,0.0578947368421052,0.013262599469496,0.8236842105263158,0.7506631299734748,87,0.2413793103448276,2019.0,0.7645739910313901
111,Martin McLaughlin,lower,577.0,256.0,959126.57,471155.24,0.1854419410745234,0.16015625,1662.2644194107454,1840.45015625,193653.39,125485.77,0.2114384748700173,0.2890625,0.9098786828422876,0.91796875,23,0.0,2015.0,0.1367713004484305
112,Christopher Belt,lower,1519.0,658.0,5732952.06,1494823.2399999998,0.2758393680052666,0.2735562310030395,3774.1619881500974,2271.767841945288,2456381.12,995350.71,0.3798551678736011,0.3677811550151976,0.7781435154707044,0.743161094224924,130,0.4307692307692308,2017.0,0.905829596412556
113,Christopher Davidsmeyer,lower,2041.0,313.0,1561602.4500000002,315343.33,0.0984811366976972,0.1789137380191693,765.1163400293974,1007.486677316294,433748.83,119840.0,0.2366487016168544,0.3067092651757188,0.8525232729054385,0.7955271565495208,30,0.2,2013.0,0.49887892376681614
114,Dan Caulkins,lower,411.0,35.0,508855.14,30527.96,0.1167883211678832,0.1142857142857142,1238.0903649635036,872.2274285714285,1012.8,0.0,0.0048661800486618,0.0,0.9002433090024331,0.9142857142857144,36,0.0,2017.0,0.2040358744394619
115,Dennis Tipsword Jr,lower,201.0,136.0,277126.04000000004,180326.04,0.208955223880597,0.1985294117647058,1378.7365174129354,1325.9267647058823,85400.0,68900.0,0.2736318407960199,0.3308823529411764,0.9353233830845772,0.9191176470588236,27,0.0,2022.0,0.15582959641255606
116,Linda Holmes,lower,2913.0,403.0,4613105.55,617906.53,0.1815997253690353,0.2754342431761786,1583.627033985582,1533.26682382134,1703479.76,300905.66000000003,0.4092001373154823,0.3970223325062035,0.783041537933402,0.707196029776675,99,0.24242424242424243,2006.0,0.789237668161435
117,Steven Reick,lower,815.0,146.0,1929164.63,187035.82,0.2282208588957055,0.1712328767123287,2367.073165644172,1281.0672602739726,373951.11,101779.57,0.3067484662576687,0.410958904109589,0.8699386503067484,0.815068493150685,55,0.01818181818181818,2013.0,0.3576233183856502
118,Mary Canty,lower,857.0,569.0,3521942.2499999995,1540377.11,0.2602100350058343,0.226713532513181,4109.617561260209,2707.16539543058,807877.21,500222.1,0.220536756126021,0.2829525483304042,0.8728121353558926,0.859402460456942,24,0.16666666666666666,2021.0,0.42376681614349776
119,William Davis,lower,1979.0,270.0,1885917.38,313554.33,0.1616978271854472,0.2333333333333333,952.9648206164728,1161.3123333333333,376334.52,93146.83,0.1637190500252653,0.2592592592592592,0.7579585649317837,0.725925925925926,60,0.0,2001.0,0.31390134529147984
120,Meg Cappel,upper,944.0,513.0,2869770.38,938979.39,0.2817796610169492,0.2280701754385964,3040.010995762712,1830.3691812865495,1179936.91,424220.7,0.375,0.378167641325536,0.8241525423728814,0.797270955165692,61,0.22950819672131148,2020.0,0.6670403587443946
121,Terri Bryant,upper,2474.0,609.0,4686835.43,849947.6100000001,0.211802748585287,0.2216748768472906,1894.4363096200484,1395.6446798029558,1354651.7200000002,443755.0,0.3067906224737267,0.3858784893267651,0.8973322554567502,0.8604269293924466,72,0.013888888888888888,2013.0,0.42040358744394624
122,Omar Aquino,upper,2400.0,488.0,3024815.94,686348.4,0.195,0.2971311475409836,1260.339975,1406.4516393442625,1294518.73,299422.39,0.3120833333333333,0.3237704918032787,0.8220833333333334,0.7377049180327869,69,0.07246376811594203,2014.0,0.5067264573991032
123,Javier Cervantes,upper,462.0,384.0,535874.28,453195.37,0.1861471861471861,0.1953125,1159.901038961039,1180.1962760416666,210298.27,207626.22,0.2943722943722944,0.3515625,0.8246753246753247,0.8125,43,0.13953488372093023,2022.0,0.492152466367713
124,Michael Halpin,upper,1678.0,406.0,7182956.119999999,878072.43,0.3569725864123957,0.3004926108374384,4280.665148986889,2162.739975369458,2433010.69,567630.0,0.3575685339690107,0.4113300492610837,0.8611442193087009,0.8571428571428571,112,0.1875,2015.0,0.757847533632287
125,Theresa Mah,lower,2006.0,500.0,2139673.88,769026.33,0.1635094715852442,0.23,1066.63702891326,1538.0526599999998,691347.9099999999,209968.99,0.1994017946161515,0.222,0.8230309072781655,0.848,37,0.0,2015.0,0.20964125560538116
126,Norine Hammond,lower,3239.0,617.0,4026942.35,831149.3400000001,0.1497375733251003,0.2269043760129659,1243.267165791911,1347.0815883306325,1351992.61,428110.03,0.3217042297005248,0.3889789303079417,0.8234022846557579,0.7763371150729336,42,0.09523809523809523,2011.0,0.42937219730941706
127,Jaime Andrade Jr,lower,2174.0,443.0,2726928.99,838477.5499999999,0.2318307267709291,0.2821670428893905,1254.3371619135237,1892.7258465011284,1110284.86,370611.53,0.2736890524379025,0.309255079006772,0.8081876724931003,0.781038374717833,48,0.16666666666666666,2013.0,0.5426008968609866
128,Elizabeth Hernandez,lower,3489.0,627.0,4028194.37,1621140.41,0.2006305531670965,0.4066985645933014,1154.5412353109773,2585.550893141946,1518410.35,789150.0,0.2490685010031527,0.2408293460925039,0.880768128403554,0.8261562998405104,52,0.2692307692307692,2002.0,0.6647982062780269
129,Joyce Mason,upper,931.0,214.0,5753940.63,745531.6200000001,0.4264232008592911,0.322429906542056,6180.387357679914,3483.7926168224303,1307182.76,122506.33,0.2642320085929108,0.3037383177570093,0.8979591836734694,0.8037383177570093,102,0.14705882352941177,2017.0,0.6984304932735426
130,Terra Howard,lower,1349.0,327.0,5410735.390000001,407190.0,0.2490733876945886,0.1529051987767584,4010.9231949592295,1245.2293577981652,607832.3,180719.18,0.1934766493699036,0.3241590214067278,0.8954781319495922,0.7889908256880734,51,0.0,2017.0,0.2713004484304933
131,Anne Stava,lower,480.0,156.0,3422577.56,666778.05,0.4458333333333333,0.4294871794871794,7130.3699166666665,4274.21826923077,338052.17,44673.32,0.2083333333333333,0.141025641025641,0.8416666666666667,0.8461538461538461,77,0.16883116883116883,2017.0,0.6670403587443947
132,Abdelnasser Rashid,lower,1623.0,1135.0,1906920.53,1290674.34,0.1743684534812076,0.1621145374449339,1174.9356315465188,1137.1580088105725,60920.08,52349.4,0.0252618607516943,0.0299559471365638,0.7954405422057917,0.7506607929515419,47,0.14893617021276595,2022.0,0.5201793721973094
133,Cyril Nichols,lower,,,,,,,,,,,,,,,69,0.07246376811594203,,0.5067264573991032
134,Brad Halbrook,lower,572.0,62.0,563495.73,120638.0,0.1276223776223776,0.2580645161290322,985.1323951048952,1945.774193548387,187448.47,19050.0,0.2395104895104895,0.3387096774193548,0.9178321678321678,0.8870967741935484,73,0.0273972602739726,2012.0,0.4495515695067265
135,Bradley Fritts,lower,404.0,310.0,272497.7,201058.71,0.0693069306930693,0.0741935483870967,674.4992574257426,648.5764838709678,98723.75,94973.75,0.2846534653465346,0.3483870967741935,0.9207920792079208,0.9225806451612903,28,0.10714285714285714,2022.0,0.3789237668161435
136,David Friess,lower,523.0,130.0,1590008.2200000002,67426.79000000001,0.1931166347992352,0.0615384615384615,3040.1686806883367,518.6676153846155,56040.0,26450.0,0.1739961759082218,0.3461538461538461,0.9292543021032504,0.8769230769230769,64,0.09375,2017.0,0.5246636771300448
137,Robert Rita,lower,5459.0,861.0,7554744.390000001,2378886.22,0.1934420223484154,0.3565621370499419,1383.9062813702144,2762.9340534262487,2281161.96,738336.03,0.2604872687305367,0.2346109175377468,0.8556512181718263,0.8327526132404182,92,0.010869565217391304,2002.0,0.4697309417040359
138,Maura Hirschauer,lower,704.0,261.0,5959755.444,1441105.184,0.5,0.4406130268199233,8465.561710227274,5521.475800766283,1003316.31,242839.73,0.2514204545454545,0.2567049808429119,0.9375,0.9272030651340996,58,0.034482758620689655,2019.0,0.39798206278026904
139,Travis Weaver,lower,652.0,408.0,737487.8300000001,362628.15,0.156441717791411,0.1299019607843137,1131.1163036809817,888.7944852941177,107956.09,84856.09,0.1441717791411043,0.196078431372549,0.8987730061349694,0.8774509803921569,29,0.034482758620689655,2022.0,0.26905829596412556
140,Chris Miller,lower,426.0,59.0,1833389.41,394431.0,0.2652582159624413,0.423728813559322,4303.731009389671,6685.271186440678,111129.95,0.0,0.0375586854460093,0.0,0.9272300469483568,0.9152542372881356,43,0.0,2017.0,0.2399103139013453
141,Robyn Gabel,lower,3898.0,776.0,4278371.97,1602561.46,0.1382760389943561,0.268041237113402,1097.5813160595176,2065.1565206185564,1551770.48,587373.0599999999,0.2293483837865572,0.2255154639175257,0.8571062083119548,0.7757731958762887,51,0.09803921568627451,2002.0,0.47197309417040356
142,Willie Preston,upper,382.0,345.0,550586.09,481976.89,0.2486910994764398,0.2260869565217391,1441.3248429319372,1397.034463768116,170958.69,164958.69,0.2225130890052356,0.2405797101449275,0.8952879581151832,0.8985507246376812,40,0.0,2022.0,0.22309417040358745
143,Laura Fine,upper,2101.0,342.0,1823628.29,380965.06,0.1361256544502617,0.1871345029239766,867.9810994764398,1113.9329239766082,714850.21,161410.08000000002,0.3198476915754402,0.327485380116959,0.8691099476439791,0.8567251461988304,176,0.2556818181818182,2012.0,0.8789237668161435
144,Patrick Joyce,upper,1584.0,754.0,8618529.31,4348313.87,0.2954545454545454,0.3275862068965517,5440.990726010102,5766.994522546419,1949591.84,898221.53,0.2910353535353535,0.2824933687002652,0.8238636363636364,0.8103448275862069,86,0.12790697674418605,2019.0,0.6434977578475336
145,Mike Simmons,upper,359.0,121.0,289651.49,82107.18,0.1420612813370473,0.1735537190082644,806.8286629526463,678.5717355371901,64851.6,27601.6,0.1030640668523676,0.1239669421487603,0.8551532033426184,0.9173553719008264,71,0.04225352112676056,2021.0,0.4753363228699552
146,Erica Harriss,upper,554.0,279.0,2470721.201,198302.98100000003,0.1985559566787003,0.1003584229390681,4459.785561371841,710.7633727598567,127118.501,93500.001,0.2274368231046931,0.3655913978494624,0.8916967509025271,0.8207885304659498,22,0.2727272727272727,2016.0,0.5213004484304933
147,Wayne Rosenthal,lower,380.0,347.0,277640.19,251275.19,0.0789473684210526,0.0778097982708933,730.6320789473684,724.1359942363113,0.0,0.0,0.0,0.0,0.9236842105263158,0.92507204610951,7,0.0,2022.0,0.07959641255605382
148,Dave Syverson,upper,5838.0,277.0,6488899.38,432962.34,0.1598150051387461,0.3068592057761732,1111.4935560123329,1563.0409386281588,1948539.73,143512.9,0.2314148681055156,0.2671480144404332,0.8708461801986982,0.7364620938628159,35,0.37142857142857144,1994.0,0.624439461883408
149,Dan Swanson,lower,1151.0,413.0,828152.17,299259.13,0.0842745438748914,0.0702179176755447,719.5066637706343,724.598377723971,265665.0,118650.0,0.2554300608166811,0.2566585956416465,0.9270199826238054,0.9322033898305084,38,0.34210526315789475,2016.0,0.625560538116592
150,Hoan Huynh,lower,659.0,257.0,902839.15,316060.69999999995,0.180576631259484,0.2373540856031128,1370.0138846737482,1229.8081712062256,273870.34,92020.34,0.1471927162367223,0.245136186770428,0.9044006069802732,0.9027237354085604,68,0.19117647058823528,2022.0,0.6535874439461884
151,Kevin Olickal,lower,650.0,142.0,888684.8,278415.0,0.1523076923076923,0.2112676056338028,1367.2073846153846,1960.6690140845071,281811.16000000003,140500.0,0.1215384615384615,0.4436619718309859,0.8892307692307693,0.8732394366197183,56,0.16071428571428573,2019.0,0.5717488789237668
152,Debbie Martin,lower,662.0,204.0,547407.0,191985.91,0.1163141993957704,0.1519607843137254,826.8987915407855,941.1074019607844,20845.0,895.0,0.0347432024169184,0.0147058823529411,0.8821752265861027,0.8333333333333334,46,0.1956521739130435,2013.0,0.5650224215246636
153,Kevin Schmidt,lower,335.0,290.0,898381.7300000001,701593.99,0.2835820895522388,0.2379310344827586,2681.736507462687,2419.2896206896557,89797.75,54200.0,0.2149253731343283,0.2034482758620689,0.9313432835820896,0.9275862068965516,22,0.0,2020.0,0.13228699551569506
154,Bill Hauter,lower,421.0,284.0,354834.49,221262.68,0.1377672209026128,0.130281690140845,842.837268408551,779.0939436619718,112182.99,89793.0,0.2327790973871734,0.2887323943661972,0.8076009501187649,0.7676056338028169,10,0.0,2022.0,0.08744394618834081
155,Lilian Jimenez,lower,679.0,330.0,986423.04,667879.6499999999,0.1472754050073637,0.2,1452.75852724595,2023.877727272727,337556.84,181156.38,0.187039764359352,0.2454545454545454,0.9396170839469808,0.9333333333333332,27,0.1111111111111111,2022.0,0.3789237668161435
156,Brandun Schweizer,lower,278.0,278.0,643151.1,643151.1,0.2230215827338129,0.2230215827338129,2313.4931654676257,2313.4931654676257,56850.0,56850.0,0.1762589928057553,0.1762589928057553,0.9136690647482014,0.9136690647482014,4,0.0,2024.0,0.06390134529147982
157,Jenn Douglass,lower,129.0,50.0,536998.45,51750.65,0.4108527131782946,0.22,4162.778682170542,1035.013,30482.92,18000.0,0.2325581395348837,0.44,0.9689922480620154,0.96,32,0.25,2022.0,0.5504484304932735
158,Sharon Chung,lower,368.0,241.0,3295004.1500000004,1497702.64,0.6059782608695652,0.5311203319502075,8953.815625000001,6214.533775933611,73462.8,17151.0,0.029891304347826,0.0290456431535269,0.907608695652174,0.8796680497925311,14,0.07142857142857142,2018.0,0.2522421524663677
159,Aaron Ortiz,lower,840.0,247.0,1697164.31,883381.4099999999,0.2345238095238095,0.3198380566801619,2020.4337023809524,3576.4429554655867,650551.25,318420.39,0.2583333333333333,0.2388663967611336,0.8595238095238096,0.7611336032388664,36,0.2222222222222222,2017.0,0.5426008968609866
160,Mike Coffey,lower,717.0,717.0,549707.51,549707.51,0.1213389121338912,0.1213389121338912,766.6771408647141,766.6771408647141,191385.27,191385.27,0.2343096234309623,0.2343096234309623,0.902370990237099,0.902370990237099,12,0.0,2023.0,0.09417040358744394
161,Stephanie Kifowit,lower,2262.0,422.0,3234585.45,764218.92,0.2152961980548187,0.2322274881516587,1429.9670424403184,1810.945308056872,1044760.74,310388.76,0.3342175066312997,0.3981042654028436,0.8731211317418214,0.8530805687203792,67,0.08955223880597014,2007.0,0.5302690582959642
162,Barbara Hernandez,lower,979.0,473.0,1467141.18,761211.68,0.205311542390194,0.2198731501057082,1498.6120326864148,1609.3270190274843,688705.63,385969.91,0.313585291113381,0.3171247357293869,0.8855975485188968,0.8858350951374208,93,0.2903225806451613,2019.0,0.8172645739910314
163,Tim Ozinga,lower,1031.0,117.0,5078886.37,652255.9,0.1804073714839961,0.1196581196581196,4926.174946653734,5574.836752136753,119096.12,15591.22,0.1251212415130941,0.188034188034188,0.7575169738118331,0.8632478632478633,47,0.0,2019.0,0.25672645739910316
164,Cristina Zayas,upper,,,,,,,,,,,,,,,49,0.3673469387755102,,0.6827354260089686
165,Yolonda Morris,lower,113.0,113.0,160819.0,160819.0,0.1769911504424778,0.1769911504424778,1423.1769911504423,1423.1769911504423,86279.0,86279.0,0.3628318584070796,0.3628318584070796,0.9026548672566372,0.9026548672566372,14,0.0,2023.0,0.10313901345291479
166,Angie Cuellar,upper,287.0,203.0,1250714.2400000002,464955.83,0.2578397212543554,0.2413793103448276,4357.889337979095,2290.4228078817737,522761.5,123261.5,0.3170731707317073,0.2955665024630542,0.7142857142857143,0.6945812807881774,43,0.3488372093023256,2021.0,0.655829596412556
167,Lamont Robinson,lower,731.0,605.0,1109213.07,922988.07,0.2640218878248974,0.2595041322314049,1517.391340629275,1525.6001157024791,225677.89,159177.89,0.0902872777017783,0.0925619834710743,0.8809849521203831,0.8909090909090909,59,0.1016949152542373,2022.0,0.5156950672645739
168,Sue Scherer,lower,1428.0,137.0,3114488.4,357711.26,0.3081232492997199,0.3795620437956204,2181.014285714285,2611.031094890511,756953.9299999999,0.0,0.2661064425770308,0.0,0.9355742296918768,0.8832116788321168,21,0.0,2011.0,0.12780269058295965
169,Suzanne Hilton,upper,941.0,270.0,6905087.88,482183.11,0.2901168969181721,0.2037037037037037,7338.031753453773,1785.8633703703706,1114153.92,284604.29000000004,0.3846971307120085,0.4,0.871413390010627,0.7703703703703704,36,0.19444444444444445,2013.0,0.5123318385650224
170,Jed Davis,lower,353.0,218.0,207383.47,114532.47,0.0623229461756373,0.0458715596330275,587.4885835694051,525.3783027522936,27250.0,26250.0,0.093484419263456,0.146788990825688,0.8073654390934845,0.7247706422018348,24,0.08333333333333333,2021.0,0.3217488789237668
171,Mike Porfirio,upper,481.0,373.0,534197.72,333336.63,0.1538461538461538,0.1501340482573726,1110.5981704781705,893.6638873994639,71336.62,70336.62,0.0997920997920998,0.1260053619302949,0.8752598752598753,0.8579088471849866,19,0.3684210526315789,2022.0,0.5448430493273543
172,Jawaharial Williams,lower,549.0,212.0,809688.95,306800.66000000003,0.2222222222222222,0.2169811320754717,1474.8432604735883,1447.172924528302,237573.51,97250.0,0.3187613843351548,0.3915094339622642,0.7431693989071039,0.5613207547169812,23,0.043478260869565216,2019.0,0.25448430493273544
173,Fran Hurley,lower,1625.0,90.0,1781270.49,169823.88999999998,0.1495384615384615,0.2111111111111111,1096.1664553846151,1886.932111111111,648306.78,53700.0,0.3606153846153846,0.2888888888888888,0.8523076923076923,0.9444444444444444,27,0.14814814814814814,2011.0,0.4170403587443946
174,Michael Hastings,upper,3773.0,421.0,4589038.99,1229748.15,0.1799628942486085,0.2945368171021377,1216.283856347734,2921.016983372921,2043201.72,727254.73,0.3130135170951497,0.3111638954869358,0.8099655446594222,0.7862232779097387,81,0.1111111111111111,2012.0,0.6143497757847534
175,Randy Frese,lower,,,,,,,,,,,,,,,11,0.09090909090909091,,0.28026905829596416
176,Diane Sherlock,lower,288.0,163.0,1956906.77,797172.8899999999,0.5555555555555556,0.4601226993865031,6794.815173611111,4890.631226993864,440423.23,204114.24,0.3715277777777778,0.4785276073619632,0.9618055555555556,0.9325153374233128,18,0.1111111111111111,2022.0,0.3419282511210762
177,Brad Stephens,lower,8649.0,1236.0,8188426.121000001,1557891.781,0.2484680309862411,0.3470873786407767,946.7483085905886,1260.430243527508,957281.49,245550.97,0.0324893051219794,0.0938511326860841,0.9605734767025088,0.9320388349514565,12,0.08333333333333333,1999.0,0.273542600896861
178,Tracy Muhl,lower,605.0,605.0,791720.6399999999,791720.6399999999,0.1272727272727272,0.1272727272727272,1308.6291570247931,1308.6291570247931,141515.55,141515.55,0.08099173553719,0.08099173553719,0.8743801652892562,0.8743801652892562,7,0.0,2023.0,0.07959641255605382
179,John Egofske,lower,,,,,,,,,,,,,,,3,0.0,,0.05717488789237668
180,Ann Gillespie,upper,,,,,,,,,,,,,,,65,0.5384615384615384,,0.7757847533632287
181,Jason Bunting,lower,265.0,265.0,129770.0,129770.0,0.0339622641509433,0.0339622641509433,489.6981132075472,489.6981132075472,29000.0,29000.0,0.1358490566037735,0.1358490566037735,0.920754716981132,0.920754716981132,3,0.0,2023.0,0.05717488789237668
182,Nicole Ha,lower,377.0,377.0,638680.89,638680.89,0.1936339522546419,0.1936339522546419,1694.1137665782494,1694.1137665782494,152570.0,152570.0,0.3023872679045092,0.3023872679045092,0.9018567639257294,0.9018567639257294,2,0.0,2023.0,0.05044843049327354
183,Mark Batinick,lower,,,,,,,,,,,,,,,28,0.03571428571428571,,0.26681614349775784
184,Sam Yingling,lower,1596.0,0.0,6346920.04,0.0,0.3909774436090225,,3976.7669423558896,,1573580.18,0.0,0.212406015037594,,0.9147869674185464,,128,0.0,2011.0,0.4719730941704036
185,John Connor,lower,,,,,,,,,,,,,,,16,1.0,,0.5560538116591928
186,Antonio Munoz,upper,6270.0,29.0,6934600.140000001,50788.29,0.2092503987240829,0.3448275862068966,1105.9968325358852,1751.3203448275865,1959300.5,0.0,0.1920255183413078,0.0,0.8295055821371611,0.7931034482758621,24,1.0,1998.0,0.5908071748878924
187,Jason Barickman,upper,2778.0,10.0,1831804.28,35258.5,0.087832973362131,0.9,659.3967890568755,3525.85,642649.46,2500.0,0.2649388048956083,0.1,0.8758099352051836,0.9,44,0.1590909090909091,2010.0,0.5213004484304933
188,Denyse Stoneback,lower,,,,,,,,,,,,,,,47,0.1276595744680851,,0.4910313901345291
189,LaToya Greenwood,lower,1174.0,422.0,3519552.9400000004,2211514.38,0.2751277683134582,0.3483412322274881,2997.9156218057924,5240.555402843602,830832.6300000001,451305.83,0.2853492333901192,0.2085308056872037,0.8517887563884157,0.9218009478672986,39,0.07692307692307693,2016.0,0.3834080717488789
190,Deanne Mazzochi,lower,,,,,,,,,,,,,,,140,0.02857142857142857,,0.5717488789237668
191,Chris Bos,lower,,,,,,,,,,,,,,,29,0.10344827586206896,,0.3834080717488789
192,Avery Bourne,lower,894.0,0.0,2253980.32,0.0,0.2170022371364653,,2521.2307829977626,,303646.28,0.0,0.3255033557046979,,0.8277404921700223,,16,0.0625,2015.0,0.24775784753363228
193,Greg Harris,lower,,,,,,,,,,,,,,,191,0.041884816753926704,,0.6278026905829597
194,Kathleen Willis,lower,1548.0,13.0,7345456.279999999,627000.0,0.3197674418604651,0.9230769230769232,4745.126795865633,48230.769230769234,2411221.37,106000.0,0.3171834625322997,0.2307692307692307,0.7687338501291989,0.0769230769230769,39,0.15384615384615385,2005.0,0.4876681614349776
195,John Amico,upper,2523.0,2.0,1735020.85,222.0,0.0816488307570352,0.0,687.6816686484343,111.0,712026.81,0.0,0.3662306777645659,0.0,0.8600871977804201,1.0,3,1.0,2003.0,0.5056053811659192
196,Brian Stewart,upper,450.0,0.0,286515.45,0.0,0.0711111111111111,,636.701,,14367.14,0.0,0.0555555555555555,,0.8711111111111111,,53,0.03773584905660377,2013.0,0.3901345291479821
197,Tom Morrison,lower,,,,,,,,,,,,,,,27,0.0,,0.15582959641255606
198,Kambium Buckner,lower,1230.0,717.0,2069408.2,1345108.41,0.2398373983739837,0.2552301255230125,1682.4456910569106,1876.022887029289,981469.87,681694.87,0.2544715447154471,0.2426778242677824,0.7975609756097561,0.796373779637378,61,0.18032786885245902,2019.0,0.6199551569506727
199,Keith Wheeler,lower,1297.0,2.0,1921589.6,1600.0,0.228218966846569,0.0,1481.5648419429451,800.0,654438.1,0.0,0.3523515805705474,0.0,0.7424826522744795,1.0,68,0.1323529411764706,2013.0,0.5930493273542601
200,Deb Conroy,lower,1940.0,196.0,5613901.63,367633.04,0.3432989690721649,0.2704081632653061,2893.7637268041235,1875.678775510204,1906109.79,215828.49,0.2628865979381443,0.2755102040816326,0.8824742268041237,0.9285714285714286,49,0.2653061224489796,2010.0,0.6446188340807175
201,Michael Zalewski,upper,2581.0,1.0,3590234.19,20000.0,0.2138705927934908,1.0,1391.0244827586207,20000.0,1563031.12,0.0,0.3359163115071678,0.0,0.807051530414568,1.0,69,0.10144927536231885,2008.0,0.5594170403587444
202,Jim Durkin,lower,,,,,,,,,,,,,,,418,0.0,,0.5369955156950672
203,Tim Butler,lower,,,,,,,,,,,,,,,31,0.0,,0.18497757847533633
204,Jacqueline Collins,upper,,,,,,,,,,,,,,,31,0.25806451612903225,,0.5582959641255605
205,Darren Bailey,upper,9444.0,358.0,18011002.759999998,347764.39,0.0432020330368487,0.1117318435754189,1907.1370986869968,971.4089106145252,277475.53,45484.19,0.0085768742058449,0.0279329608938547,0.9872935196950444,0.946927374301676,27,0.0,2017.0,0.15582959641255606
206,Tom Demmer,lower,1313.0,6.0,1416235.82,32009.92,0.1721249047981721,0.8333333333333334,1078.6259101294745,5334.986666666667,475811.92,0.0,0.3137852246763138,0.0,0.670982482863671,0.8333333333333334,17,0.0,2011.0,0.1132286995515695
207,Sandy Hamilton,lower,,,,,,,,,,,,,,,6,0.0,,0.07399103139013453
208,Thomas Bennett,lower,,,,,,,,,,,,,,,38,0.0,,0.2141255605381166
209,Patricia Pelt,upper,,,,,,,,,,,,,,,7,0.0,,0.07959641255605382
210,Dan Brady,lower,4654.0,158.0,3226305.2,131711.58,0.0713364847443059,0.1455696202531645,693.2327460249248,833.6175949367088,1293373.58,27500.0,0.2679415556510529,0.0696202531645569,0.9134078212290504,0.9493670886075948,9,0.3333333333333333,2000.0,0.4910313901345291
211,Mark Luft,lower,,,,,,,,,,,,,,,10,0.1,,0.29035874439461884
212,David Welter,upper,,,,,,,,,,,,,,,52,0.11538461538461539,,0.5056053811659194
213,C Davidsmeyer,lower,2041.0,313.0,1561602.4500000002,315343.33,0.0984811366976972,0.1789137380191693,765.1163400293974,1007.486677316294,433748.83,119840.0,0.2366487016168544,0.3067092651757188,0.8525232729054385,0.7955271565495208,28,0.25,2013.0,0.5257847533632287
214,Keith Sommer,lower,,,,,,,,,,,,,,,5,0.2,,0.38789237668161436
215,Delia Ramirez,lower,921.0,10.0,891067.87,91700.0,0.1074918566775244,0.6,967.500401737242,9170.0,614269.0800000001,89000.0,0.2062975027144408,0.8,0.9326818675352876,0.9,36,0.2222222222222222,2017.0,0.5426008968609866
216,Melinda Bush,lower,,,,,,,,,,,,,,,6,1.0,,0.5224215246636771
217,Bradley Stephens,lower,7249.0,670.0,5468236.411,612468.821,0.241964408883984,0.3313432835820895,754.3435523520486,914.1325686567164,436068.13,80500.0,0.0085529038488067,0.0164179104477611,0.9715822872120292,0.982089552238806,5,0.0,1999.0,0.06838565022421525
218,Mike Murphy,lower,349.0,0.0,234973.74,0.0,0.0630372492836676,,673.2771919770775,,87180.0,0.0,0.3209169054441261,,0.9025787965616046,,17,0.058823529411764705,2017.0,0.25
219,Eric Mattson,lower,73.0,0.0,827109.97,0.0,0.5616438356164384,,11330.273561643837,,309754.0,0.0,0.3972602739726027,,0.9041095890410958,,3,0.6666666666666666,2022.0,0.4977578475336323
220,Scott Bennett,lower,,,,,,,,,,,,,,,3,1.0,,0.5056053811659192
221,Steven Landek,upper,758.0,13.0,865261.48,47550.0,0.1662269129287599,0.7692307692307693,1141.5059102902374,3657.692307692308,100669.5,0.0,0.1200527704485488,0.0,0.866754617414248,0.9230769230769232,5,0.0,2000.0,0.06838565022421525
222,Diane Pappas,lower,457.0,1.0,4207959.350000001,2500.0,0.4617067833698031,1.0,9207.788512035013,2500.0,653357.06,0.0,0.2450765864332603,0.0,0.9474835886214442,0.0,1,1.0,2018.0,0.4966367713004484
